,0,TF
52092|TP53,2.500054557127402e-25,TP53
37623|MYH11,4.249221984438946e-23,MYH11
53347|CDK9,6.070899712797518e-21,CDK9
46052|NR3C1,7.530777168581593e-19,NR3C1
45750|E2F1,7.662405248049204e-19,E2F1
50408|PPARG,2.407157354249629e-18,PPARG
33569|PR,7.297053886354133e-18,PR
46000|E2F4,8.378170456211946e-18,E2F4
65115|MAZ,1.3981362638371163e-17,MAZ
37584|TBP,1.7384403938821907e-17,TBP
64802|BCL3,1.7703804857404016e-17,BCL3
46377|REST,4.6247858540672995e-17,REST
45753|TFAP2A,4.7063199114321275e-17,TFAP2A
45861|CEBPB,5.144908356463752e-17,CEBPB
73970|ZNF202,1.0823388545650792e-16,ZNF202
37057|FLI1,1.368194358540309e-16,FLI1
55465|NELFA,1.6557282629661022e-16,NELFA
55775|CTCFL,2.1315441889608419e-16,CTCFL
53300|RARA,2.1368369397820516e-16,RARA
1082|SMAD2/3,2.585732036767778e-16,SMAD2/3
46221|TAF1,2.596688864823612e-16,TAF1
65084|SP2,3.0334022554079553e-16,SP2
73714|AFF1,3.169054715561134e-16,AFF1
37588|SPI1,4.3934422729210324e-16,SPI1
46008|MYC,4.572299699796909e-16,MYC
38654|NFATC1,5.708408775109887e-16,NFATC1
37635|ERG,6.40202799406127e-16,ERG
51864|HSF1,7.799076533155162e-16,HSF1
46230|CEBPD,9.123756904036422e-16,CEBPD
1314|PHF8,1.1719759472714833e-15,PHF8
36104|ESR1,1.2512675380733626e-15,ESR1
41574|BRD1,3.2078604839873128e-15,BRD1
53593|MED1,5.368430061150356e-15,MED1
65120|ZBTB26,7.21166118328314e-15,ZBTB26
71137|BRD4,1.141910744590477e-14,BRD4
56961|GTF2B,1.773295149399562e-14,GTF2B
50112|MAFB,1.847710615212232e-14,MAFB
37596|TAL1,1.85011674301481e-14,TAL1
64242|HES2,2.4440145294460736e-14,HES2
58939|NRF1,3.174810953412523e-14,NRF1
46237|GABPA,3.497152837080875e-14,GABPA
64946|BHLHE40,4.4529171186765374e-14,BHLHE40
45920|HMGN3,4.5347319398596585e-14,HMGN3
39460|FOXM1,5.095323156367556e-14,FOXM1
46160|PAX5,5.1288965234995244e-14,PAX5
74052|NKX2-1,5.890294864959438e-14,NKX2-1
57092|HEXIM1,8.350248281897347e-14,HEXIM1
37366|FOXA2,1.012011620603684e-13,FOXA2
37638|RUNX1,1.1043506322179324e-13,RUNX1
3006|CEBPA,1.4362376037193454e-13,CEBPA
5389|RELA,1.4924916823316337e-13,RELA
67519|GATA3,1.9088968906485344e-13,GATA3
41831|ZBTB17,2.23445482638481e-13,ZBTB17
39372|ETV1,2.4478942671469914e-13,ETV1
37587|GATA2,2.705382908605562e-13,GATA2
74688|GRHL3,3.8605036719361007e-13,GRHL3
46298|EGR1,5.189029083780195e-13,EGR1
37602|TCF12,7.070591519441893e-13,TCF12
8482|KAT7,8.06838260950085e-13,KAT7
50397|MYB,8.51588350274114e-13,MYB
36356|POLR2B,1.0617121541642e-12,POLR2B
45866|MXI1,1.1980921907416512e-12,MXI1
38585|TAF3,1.271858816868737e-12,TAF3
47334|FOXA1,1.467443569602958e-12,FOXA1
52153|FAIRE,1.6153432689380333e-12,FAIRE
55664|PAF1,1.913310970231176e-12,PAF1
47601|KLF5,2.2222509408675947e-12,KLF5
70815|SP1,3.1833246974306317e-12,SP1
74682|FOXO3,3.4330684976079948e-12,FOXO3
43400|XBP1,4.757922804170233e-12,XBP1
42179|MITF,5.080373777204028e-12,MITF
42637|CREBBP,5.432831446620288e-12,CREBBP
76682|ASXL1,5.5959231835730825e-12,ASXL1
65123|ZFP64,6.632326534000397e-12,ZFP64
73696|LEO1,6.661772612311769e-12,LEO1
55895|T,7.734884013647576e-12,T
45714|TCF7L2,8.050995763302399e-12,TCF7L2
53629|STAT5B,8.763618804776311e-12,STAT5B
45769|NFYA,8.954640197979688e-12,NFYA
37607|CBFB,1.000650828462565e-11,CBFB
63809|HLF,1.045418725449342e-11,HLF
74202|BRD2,1.1465089987799258e-11,BRD2
48576|KDM6B,1.4790178310300506e-11,KDM6B
68051|NFKB1,1.7274640821802642e-11,NFKB1
64317|ETV4,1.754080281986375e-11,ETV4
76520|BPTF,1.785142679653983e-11,BPTF
69873|AFF4,1.8021580912792824e-11,AFF4
56668|HOXB13,1.854151359251487e-11,HOXB13
58506|WDR5,1.9537616901487227e-11,WDR5
69201|TRIM24,1.9665397842468953e-11,TRIM24
45625|NFYB,2.5597119602221735e-11,NFYB
39352|GATA1,3.020450849003503e-11,GATA1
76857|ZMYND8,3.4955373891318083e-11,ZMYND8
45895|CCNT2,4.148855059498635e-11,CCNT2
77300|TRIM25,4.722452305172198e-11,TRIM25
49036|ERCC6,4.737586769070624e-11,ERCC6
74838|JMJD6,4.793633207284631e-11,JMJD6
46007|FOS,5.436278495535747e-11,FOS
53493|SOX9,5.451613996925386e-11,SOX9
37578|ELF1,5.6646639979034505e-11,ELF1
69623|STAG1,6.523127738473117e-11,STAG1
47576|SMAD3,7.682434479408667e-11,SMAD3
46303|YY1,8.796345364118698e-11,YY1
41412|ERCC2,1.0061806242210126e-10,ERCC2
39357|NFE2,1.060453108084247e-10,NFE2
57090|TRIM28,1.1133721341519708e-10,TRIM28
49447|HIF1A,1.1240154006865331e-10,HIF1A
59170|SETD1A,1.2942684247267955e-10,SETD1A
72625|ETS1,1.3094772617227436e-10,ETS1
76964|CNOT3,1.311989898544835e-10,CNOT3
59165|KMT2A,1.434230470321717e-10,KMT2A
37349|CREB1,1.437800419800827e-10,CREB1
69619|CTCF,1.832991162948894e-10,CTCF
46329|SIN3A,1.8851389622377268e-10,SIN3A
65116|FEZF1,1.904675179189329e-10,FEZF1
74432|TFAP4,1.9433899898183935e-10,TFAP4
71748|SOX4,2.193062646775849e-10,SOX4
43684|KDM4C,3.4162425196395147e-10,KDM4C
56265|AR,3.7644843251256557e-10,AR
58809|MAF,4.3173862060676464e-10,MAF
74906|POLR3D,4.317571569551186e-10,POLR3D
36230|TTF2,5.26443249798007e-10,TTF2
64866|ZFX,5.301419342220327e-10,ZFX
62753|FOSL2,5.310093963889004e-10,FOSL2
39978|TFAP2C,5.312298774433432e-10,TFAP2C
45997|STAT3,5.338232924322536e-10,STAT3
49493|CDK7,5.609512976895267e-10,CDK7
50412|KLF11,5.761740971832789e-10,KLF11
48344|SNAI2,6.315178654564058e-10,SNAI2
45849|MAX,6.773917827516274e-10,MAX
46333|FOXP2,6.817104214820642e-10,FOXP2
34392|MECP2,8.530085933302245e-10,MECP2
67317|SOX2,8.976637819588969e-10,SOX2
74117|RUNX2,9.768727182610543e-10,RUNX2
51750|FOXP1,1.0134003476129488e-09,FOXP1
43305|CDK6,1.0691962102952793e-09,CDK6
40166|TCF7L1,1.0931214911953457e-09,TCF7L1
65146|ZBTB14,1.429450879394375e-09,ZBTB14
46297|E2F6,1.5772706997827717e-09,E2F6
8791|KDM5B,1.7322466985631578e-09,KDM5B
76495|BRPF3,2.0835547989766496e-09,BRPF3
69802|NR1H3,2.128513920724396e-09,NR1H3
41572|ING2,2.590497386989191e-09,ING2
55718|SUMO2,3.2916409783087567e-09,SUMO2
76415|PMEL,4.257612420339197e-09,PMEL
47579|TTF1,4.266691646942755e-09,TTF1
35517|BCL6,4.295764737900968e-09,BCL6
77098|ZNF534,4.524386374285613e-09,ZNF534
40164|RUNX1T1,4.806208944401098e-09,RUNX1T1
49010|CPSF3L,5.312481051449922e-09,CPSF3L
74685|NFIL3,5.3140989940428576e-09,NFIL3
73984|CD34,5.73540049366093e-09,CD34
36234|XRN2,5.868140092305319e-09,XRN2
63594|SOX13,6.014098783458044e-09,SOX13
46232|JUND,6.506272022647119e-09,JUND
45638|CHD2,6.690600653734806e-09,CHD2
48825|MBD2,7.3762932725090496e-09,MBD2
52555|SMARCA4,7.815865115496453e-09,SMARCA4
8770|CHD1,8.785409016404466e-09,CHD1
45864|MAFK,9.062306553602082e-09,MAFK
64773|SUPT5H,9.294248493652666e-09,SUPT5H
39350|KLF1,1.1706498189470678e-08,KLF1
44562|EMX1,1.2694628975353363e-08,EMX1
41288|STAT1,1.571370505918277e-08,STAT1
7527|HEY1,1.618209115483391e-08,HEY1
70095|TET2,1.7050052370050888e-08,TET2
8564|TBL1X,1.8136868813001794e-08,TBL1X
62800|KLF9,1.8522229553838887e-08,KLF9
63975|GATA4,2.0749183823772144e-08,GATA4
63592|TCF7,2.1964761909128223e-08,TCF7
37354|JUN,2.349582191189723e-08,JUN
45757|RAD21,2.4180917919121413e-08,RAD21
48799|ZNF750,2.704846217829056e-08,ZNF750
65214|GLIS1,3.137998000355677e-08,GLIS1
49481|RPE,3.202510491416724e-08,RPE
43050|BRD3,3.265713007319427e-08,BRD3
63686|ZBTB8A,4.25655249142333e-08,ZBTB8A
41389|TEAD4,4.4905979452647355e-08,TEAD4
1447|HNF4A,4.7805623695395766e-08,HNF4A
75288|ZBTB48,4.893158459124479e-08,ZBTB48
52170|PRDM11,5.083272943974551e-08,PRDM11
48634|SPIB,5.363427457147905e-08,SPIB
35317|GRHL2,5.600273046729124e-08,GRHL2
73854|LMO1,5.713740994398287e-08,LMO1
68456|USF1,5.835698213878759e-08,USF1
43104|NOTCH1,5.931740894718006e-08,NOTCH1
50898|PAX6,6.163483724443501e-08,PAX6
46295|ZBTB7A,6.17982623084134e-08,ZBTB7A
54243|FOXO1,6.285698611664334e-08,FOXO1
46129|EBF1,6.891135317942674e-08,EBF1
65125|PRDM6,7.558984794416407e-08,PRDM6
51591|SRF,8.068391044419206e-08,SRF
70731|FOXK1,8.358892497519607e-08,FOXK1
8820|RBBP5,8.471311327757178e-08,RBBP5
8800|SAP30,1.2259793006907425e-07,SAP30
36226|DCP1A,1.4861909352157913e-07,DCP1A
68464|ATF3,1.5463464187058293e-07,ATF3
34078|CDK8,1.62714995969313e-07,CDK8
38703|FOXP3,1.6991505521666254e-07,FOXP3
74681|SMAD4,1.752910591376681e-07,SMAD4
65147|EGR2,2.1482974664909403e-07,EGR2
38772|CLOCK,2.2280569715346784e-07,CLOCK
65197|KLF15,2.314146345125593e-07,KLF15
38724|GMEB2,2.4320478479059816e-07,GMEB2
63294|ZNF335,2.4538492453372087e-07,ZNF335
49266|SCML2,3.070139296592686e-07,SCML2
48800|KLF4,3.1388624465211737e-07,KLF4
45779|SMARCB1,3.244101849449056e-07,SMARCB1
45961|UBTF,3.414969434743815e-07,UBTF
64053|CEBPG,3.839961611051599e-07,CEBPG
73966|ZNF257,3.974177883959751e-07,ZNF257
75942|KDM1A,4.000700491542714e-07,KDM1A
64555|IKZF2,4.048931471258847e-07,IKZF2
77449|NFKB2,4.276098233515408e-07,NFKB2
54104|DAXX,4.3914837245688114e-07,DAXX
65110|SP4,5.44581837710964e-07,SP4
43105|RBPJ,5.501428282395465e-07,RBPJ
72854|TRAF7,6.157971974104271e-07,TRAF7
73701|KDM2B,6.670084420940846e-07,KDM2B
76282|EHF,6.932851530254218e-07,EHF
57091|LARP7,6.957508303708003e-07,LARP7
38653|MED12,6.974914310783877e-07,MED12
72878|MYF5,7.226558153362876e-07,MYF5
65186|EGR3,7.228289428296257e-07,EGR3
4126|HDAC6,7.312400614210948e-07,HDAC6
41303|IRF1,8.915405377819267e-07,IRF1
70759|OGT,8.961752973475583e-07,OGT
53874|MEF2B,9.166926511389375e-07,MEF2B
44026|AGO1,9.469538853069943e-07,AGO1
63034|PRDM10,9.717226081349313e-07,PRDM10
64798|CREM,9.883375511520266e-07,CREM
76810|NEUROG2,1.0277972931005714e-06,NEUROG2
64092|KLF8,1.1022051373045733e-06,KLF8
56053|ATF1,1.2507813469711587e-06,ATF1
5570|POLR2M,1.267632377399311e-06,POLR2M
63825|GLIS2,1.356807949918355e-06,GLIS2
1219|GATAD1,1.365430602780643e-06,GATAD1
77120|ZNF441,1.4388595699539773e-06,ZNF441
68638|KMT2D,1.4645537316241914e-06,KMT2D
45793|SREBF1,1.5151005232012394e-06,SREBF1
57641|HDAC1,1.5602371912273468e-06,HDAC1
69811|NELFE,1.7182011640012516e-06,NELFE
46242|RXRA,1.8637944643786143e-06,RXRA
47595|GATA6,1.9478212224108753e-06,GATA6
69516|INO80,1.948178320156901e-06,INO80
9317|SMC1A,2.009381158519913e-06,SMC1A
48755|CBX8,2.0892182421279453e-06,CBX8
44875|5HMC,2.124975865417764e-06,5HMC
64107|KDM4B,2.170980021484163e-06,KDM4B
74360|NEUROD1,2.257728050229896e-06,NEUROD1
42714|ETV5,2.2910510592997323e-06,ETV5
63132|PBX2,2.4804051836093435e-06,PBX2
8416|SMAD1,2.5133176832816537e-06,SMAD1
50152|ARRB1,2.6509767171984427e-06,ARRB1
45730|RFX5,2.6546513791037726e-06,RFX5
74686|KLF10,3.36726748679017e-06,KLF10
64441|ZSCAN20,3.563453400899238e-06,ZSCAN20
45767|HCFC1,3.5637340600238454e-06,HCFC1
36804|NR2F2,3.691700312002602e-06,NR2F2
70178|DNMT3B,4.246375161819984e-06,DNMT3B
72366|TCF4,4.390781059230837e-06,TCF4
70928|RBBP4,4.719555252156007e-06,RBBP4
56535|TEAD1,4.986320025310084e-06,TEAD1
64917|CBX1,5.268800225475456e-06,CBX1
72408|PARP1,5.309192910600717e-06,PARP1
77537|REL,5.830423932422281e-06,REL
77534|TFDP1,6.0212674821327435e-06,TFDP1
5460|CDX2,6.280815011173894e-06,CDX2
63406|POLR2AphosphoS5,6.4582518041382575e-06,POLR2AphosphoS5
49461|598-SKD,6.809772023331004e-06,598-SKD
53323|INTS3,6.8144302674139545e-06,INTS3
76859|IRAK1,7.158236013083166e-06,IRAK1
32853|TERC,7.372929912509905e-06,TERC
65164|ZNF770,8.2060941355068e-06,ZNF770
36140|TP63,8.653353924027772e-06,TP63
46358|PBX3,8.771164850938015e-06,PBX3
55512|YAP1,9.111789225333405e-06,YAP1
8563|GPS2,9.137156127023069e-06,GPS2
64649|ZNF639,9.316633879173775e-06,ZNF639
51103|CHD8,9.31990240023111e-06,CHD8
52574|CHRM2,9.558778282092318e-06,CHRM2
71040|ZNF143,1.020528550463997e-05,ZNF143
41573|ING5,1.0412130527888834e-05,ING5
62762|PKNOX1,1.0725207473532547e-05,PKNOX1
55293|WWTR1,1.0799950732939139e-05,WWTR1
9320|NIPBL,1.0976933347925597e-05,NIPBL
42712|E2F3,1.1030534224807921e-05,E2F3
77103|ZNF519,1.1373646360194405e-05,ZNF519
39719|TET3,1.2375984231299547e-05,TET3
63477|POLR2H,1.2903682966392489e-05,POLR2H
46157|POU2F2,1.3274482299465677e-05,POU2F2
55517|ATF4,1.335692427537424e-05,ATF4
65106|ZNF384,1.4351715206726339e-05,ZNF384
41788|EZH2,1.4790143706517202e-05,EZH2
46212|FOSL1,1.5413047124641367e-05,FOSL1
50372|SUZ12,1.693886785987607e-05,SUZ12
39364|VDR,1.9720381851529777e-05,VDR
49669|PROX1,2.216051752253544e-05,PROX1
64751|ZBTB11,2.3333395976912445e-05,ZBTB11
63321|ELK1,2.4232959518126765e-05,ELK1
8813|KDM5A,2.6204548690955472e-05,KDM5A
2809|PML,3.087869213279607e-05,PML
68455|USF2,4.213555966508993e-05,USF2
45759|SMC3,4.229644980366936e-05,SMC3
39779|REPIN1,4.243459272273702e-05,REPIN1
63097|SMAD5,4.787741418084931e-05,SMAD5
49008|ELL2,5.029570796946088e-05,ELL2
64375|TBX21,5.902636323590304e-05,TBX21
2813|RXRG,6.43076599681943e-05,RXRG
54240|PGR,6.45426680588234e-05,PGR
64770|SRSF3,6.454982524892298e-05,SRSF3
77127|ZNF429,7.119814786818897e-05,ZNF429
45801|MAFF,7.240623053289208e-05,MAFF
955|NANOG,7.47579750013407e-05,NANOG
74657|ARID3A,8.06033315793823e-05,ARID3A
48801|RCOR1,8.95695821935916e-05,RCOR1
74643|NFATC3,0.00010126500698881006,NFATC3
73965|ZNF263,0.00010294730970971644,ZNF263
42715|GLI2,0.0001040896143450488,GLI2
5194|HMGN1,0.0001087708252855205,HMGN1
6710|SRC,0.00011108503891720081,SRC
8532|VEZF1,0.000131139578915791,VEZF1
38488|RBL2,0.000136591625775876,RBL2
46306|THAP1,0.00013824480729752742,THAP1
64546|HNF1A,0.0001465417006878384,HNF1A
68310|NR4A1,0.00016052730561477477,NR4A1
63155|GABP,0.00016692489058164314,GABP
62841|SP3,0.00017124142558731315,SP3
46195|TAF7,0.00017187849220871518,TAF7
45878|GTF2F1,0.00017524774697350043,GTF2F1
57960|JMJD1C,0.0001816016419739429,JMJD1C
8660|HDAC2,0.00019779977141630927,HDAC2
64414|HMBOX1,0.0002154849605259639,HMBOX1
62931|ZNF341,0.0002667810883732705,ZNF341
62958|NFE2L2,0.000306803418962691,NFE2L2
67615|ELF3,0.00030846220645608494,ELF3
62624|RFX1,0.0003140536742043487,RFX1
45786|ZKSCAN1,0.000315391820741376,ZKSCAN1
8816|KDM4A,0.00032694421881859494,KDM4A
76858|IRAK4,0.0003363212838971582,IRAK4
45748|IRF3,0.000342504203370852,IRF3
50434|ELK3,0.00034330444942021595,ELK3
38591|E2F7,0.0003433414306184932,E2F7
76278|CALU,0.00035736176236199574,CALU
64575|MAFG,0.0003940024566125579,MAFG
41793|JARID2,0.00039606125212566086,JARID2
9230|CBX3,0.00039623654452791636,CBX3
62554|ZNF600,0.0004022418476282698,ZNF600
55355|PIAS1,0.00040608194315819253,PIAS1
64982|PATZ1,0.00046326879552384344,PATZ1
49955|KDM3A,0.0005047014204615832,KDM3A
62701|PRDM1,0.0005049836964055805,PRDM1
56817|NR2F1,0.0005196329645720106,NR2F1
62912|FOXK2,0.0005377693400206257,FOXK2
48632|IRF4,0.0005625914396518237,IRF4
77149|ZNF282,0.000598152577509941,ZNF282
62964|EED,0.0006038064401139463,EED
77164|ZNF189,0.0006187113300882625,ZNF189
70228|DNMT3A,0.0006419171096684941,DNMT3A
63090|PRPF4,0.0006617865113010838,PRPF4
63410|CBX5,0.0007100084604133006,CBX5
62639|RNF2,0.0007111012147234541,RNF2
64038|HBP1,0.000726381702698232,HBP1
63730|H2AFZ,0.000727215147423281,H2AFZ
77448|H2AFX,0.0007331544263830663,H2AFX
64313|ZNF664,0.000772266849835218,ZNF664
50122|LMNB1,0.0007746053518600274,LMNB1
63756|ZBTB33,0.0008038257371816609,ZBTB33
1208|DDX5,0.0008288261027046387,DDX5
65057|TGIF2,0.0008352745192953571,TGIF2
69219|SLC22A2,0.0008526092409393099,SLC22A2
44131|SRCAP,0.0009043727735636658,SRCAP
46239|HNF4G,0.0009178347248647346,HNF4G
5753|POU5F1,0.0009195799784573121,POU5F1
65086|ZSCAN16,0.0009257705893417135,ZSCAN16
46139|ZEB1,0.0009501361724240893,ZEB1
35268|SNAPC1,0.000962104652150857,SNAPC1
64875|IRF9,0.0009745536714689407,IRF9
63061|DPF2,0.0009757780511830799,DPF2
76529|MBTD1,0.0009783728162383583,MBTD1
67613|HNF1B,0.0010180509192482439,HNF1B
74350|OTX2,0.0010415784228037489,OTX2
46131|RUNX3,0.001042475569505538,RUNX3
69804|NR1H2,0.0010455606748638428,NR1H2
36252|NKX3-1,0.001133349772913169,NKX3-1
63525|ZFP2,0.0011939829494975731,ZFP2
42722|HOXA6,0.001230976971971627,HOXA6
42752|BARX1,0.0012553304494118444,BARX1
67600|KLF6,0.0013039036941768533,KLF6
68052|RELB,0.001306162198660615,RELB
4631|KAT5,0.00133250449694056,KAT5
38854|DLX2,0.001397996533518621,DLX2
42708|ATF2,0.0014945891860169722,ATF2
59005|LYL1,0.0015310571307930588,LYL1
52549|SOX10,0.001569829879976884,SOX10
63772|NR2F6,0.001586414195348384,NR2F6
49739|LMO2,0.0015872977615861471,LMO2
45755|ELK4,0.0015890740397025824,ELK4
64321|ZNF362,0.0016534262346103224,ZNF362
72110|SMARCC1,0.0018104142572914214,SMARCC1
41492|BMI1,0.0019381987773457593,BMI1
71023|ARNTL,0.0021694992167533705,ARNTL
53651|LEF1,0.002202691591031451,LEF1
4929|TAFII,0.0024187652161828457,TAFII
45736|BRCA1,0.0024402600364458833,BRCA1
43826|TERF2,0.00282137074080519,TERF2
68932|KDM5C,0.00284688089147058,KDM5C
41423|SFPQ,0.0028879194150576086,SFPQ
55543|RAG2,0.0030414642043861684,RAG2
63363|C11orf30,0.0030972072249759305,C11orf30
74642|TSC22D4,0.003145028242835077,TSC22D4
74647|ETV6,0.0031480671228642024,ETV6
49623|RARG,0.003158170567407533,RARG
65154|ZSCAN22,0.003163047036829706,ZSCAN22
38779|TEAD2,0.003278794945332052,TEAD2
50174|HIRA,0.0034940043166530182,HIRA
9322|MEIS1,0.0035204573275540584,MEIS1
77165|ZNF182,0.003660502515260902,ZNF182
49464|552-SKD,0.00367145362721338,552-SKD
43704|HOXC11,0.003725421806356526,HOXC11
38858|MECOM,0.0037574852418648798,MECOM
5888|LIN9,0.0037714474856125214,LIN9
38824|MNT,0.0038650990650293433,MNT
64143|NFRKB,0.0039017238351154258,NFRKB
2110|PRAME,0.00392514661167574,PRAME
77271|L3MBTL4,0.004174342842534748,L3MBTL4
77043|ZNF777,0.004222861697137347,ZNF777
41411|ERCC3,0.004266017507213128,ERCC3
46144|MEF2C,0.0044115557555635815,MEF2C
51332|ASH2L,0.0045801794647196935,ASH2L
4403|KAT8,0.004618043452010545,KAT8
39656|NCOR1,0.004751580922175149,NCOR1
63514|PYGO2,0.0049193322045924465,PYGO2
64735|IKZF1,0.005110192246124203,IKZF1
1011|FOXH1,0.005250665634608536,FOXH1
38734|ADNP,0.005269689677688113,ADNP
63213|MTA2,0.0055000512335574925,MTA2
64550|GTF2A2,0.0059814897863279485,GTF2A2
42890|ZNF83,0.006122405323447363,ZNF83
53303|FUS,0.006128826398771647,FUS
46241|MYBL2,0.00615822052221343,MYBL2
46123|MEF2A,0.006175356413236981,MEF2A
55491|STAT5,0.006178856094052815,STAT5
38773|NFAT5,0.006273202771025664,NFAT5
62731|ZNF366,0.006290486145458395,ZNF366
62924|CUX1,0.0063138876194159385,CUX1
63317|SCRT2,0.006361187898328925,SCRT2
77174|ZNF135,0.006568634749451068,ZNF135
77181|ZNF100,0.006719382107826845,ZNF100
73979|ZFP57,0.006751827436396366,ZFP57
42774|NFYC,0.006764891551900972,NFYC
65139|ZBTB42,0.006837748167431744,ZBTB42
71067|GATAD2B,0.006942688186501585,GATAD2B
51448|EOMES,0.007239167724380751,EOMES
42800|STAT2,0.007467649834077787,STAT2
36028|RB1,0.007733391997516388,RB1
36075|MYOD1,0.007794889869533233,MYOD1
63876|MLLT1,0.008109499660918408,MLLT1
44351|PPARD,0.008140854833850502,PPARD
77039|ZNF783,0.008160981903358656,ZNF783
36802|GREB1,0.008244225104611543,GREB1
45742|KAT2B,0.008284536049604595,KAT2B
39920|ICE1,0.009137984731818809,ICE1
44697|LANA,0.00936536822483747,LANA
77081|ZNF585A,0.009413915337002034,ZNF585A
64787|ZNF687,0.00955194310520891,ZNF687
77146|ZNF284,0.01003581737175197,ZNF284
5517|ARNT,0.010045513001909851,ARNT
38704|HINFP,0.010136776702008925,HINFP
76568|UHRF2,0.01024857901741004,UHRF2
44144|PHF6,0.010837059499978556,PHF6
64373|ZNF740,0.01134872771262663,ZNF740
64081|NFE2L1,0.011505144024273262,NFE2L1
43568|CBX7,0.01159923370174354,CBX7
64094|CTBP1,0.011805466314547607,CTBP1
55549|BACH2,0.012048544633297437,BACH2
71069|MBD3,0.012254798018937535,MBD3
52495|TCF21,0.012612124745086817,TCF21
65076|ZNF382,0.012714097018419485,ZNF382
62980|ZBED1,0.01303312813329761,ZBED1
65061|ZNF554,0.013043557425847313,ZNF554
38678|HOXA13,0.013346110560080605,HOXA13
65062|ZNF467,0.01401335245123552,ZNF467
54657|TLX1,0.014034038154892087,TLX1
76849|EBF3,0.014648611635043475,EBF3
49448|EGLN2,0.015143661905029372,EGLN2
77150|ZNF273,0.015206577060298699,ZNF273
35087|BCOR,0.01564721699152519,BCOR
74683|ZBTB2,0.01605569002373984,ZBTB2
37177|STAT4,0.017081623522676934,STAT4
43894|HOXC9,0.017651245310694504,HOXC9
65114|ZNF121,0.018512340187060803,ZNF121
50899|LHX2,0.019698127164085845,LHX2
73929|ZNF766,0.02169931942892174,ZNF766
65078|ZNF317,0.022155021569991277,ZNF317
34374|SUMO1,0.022369118197700776,SUMO1
62652|RAD51,0.022371267443380253,RAD51
72923|TBX5,0.022752166447425462,TBX5
8772|SETDB1,0.02420685883998278,SETDB1
63538|ZNF692,0.024637426627365785,ZNF692
69620|PSMA7,0.02647200492152953,PSMA7
42736|NCOA3,0.027975518764544457,NCOA3
64653|FOXJ2,0.02813573700137405,FOXJ2
45799|PPARGC1A,0.029177733970667887,PPARGC1A
42906|KMT2B,0.02979316983170555,KMT2B
62792|ZNF394,0.030485020850273457,ZNF394
76468|PHF2,0.030814561457827228,PHF2
72426|ORC2,0.0308723837368933,ORC2
63640|ZNF140,0.030943673512233674,ZNF140
64395|NR2C2,0.03098045410577869,NR2C2
76457|USP7,0.031543318076319535,USP7
36814|TLE3,0.03155287669625284,TLE3
64445|OVOL3,0.032475552570377264,OVOL3
58186|BANF1,0.03253947128276194,BANF1
41755|ZMYND11,0.03261510834306706,ZMYND11
45796|ESRRA,0.03280260612727007,ESRRA
64561|SNRNP70,0.03333644043081681,SNRNP70
76926|CD74,0.03387557883910231,CD74
52787|CIITA,0.03401995472843274,CIITA
38686|SOX3,0.034105931366395295,SOX3
65085|ZNF134,0.03421629225243194,ZNF134
47087|EPAS1,0.03448051620896995,EPAS1
74653|ZNF18,0.034983110570904245,ZNF18
"56245|TEAD1, TEAD4",0.03537234262415212,"TEAD1, TEAD4"
46109|BATF,0.036166408957112796,BATF
77331|SP140,0.03630935696795275,SP140
64060|CSDE1,0.03661360187053198,CSDE1
64010|KLF7,0.036842373041046206,KLF7
76837|GCSAM,0.038824466436872915,GCSAM
68379|DUX4,0.03910704621951558,DUX4
70101|5MC,0.03968406562590869,5MC
77099|ZNF530,0.04013495208189267,ZNF530
37185|IRF5,0.04047076589560995,IRF5
63428|INSM2,0.04047470633194164,INSM2
38173|SND1,0.04252002534523451,SND1
77116|ZNF44,0.042647285561273694,ZNF44
49200|PDX1,0.043198031947539885,PDX1
77065|ZNF674,0.043441274168070455,ZNF674
63286|OSR2,0.04349821107799783,OSR2
64369|MYNN,0.043558599855230896,MYNN
62672|HES1,0.045292798020286275,HES1
64977|WT1,0.045722867010309066,WT1
63424|ZFP69B,0.04641965766242349,ZFP69B
54633|NCAPG,0.04727167607312271,NCAPG
77112|ZNF479,0.04728910788575751,ZNF479
1226|TRRAP,0.04744489906986043,TRRAP
64127|MEF2D,0.04912963991419263,MEF2D
77140|ZNF304,0.05066565664415404,ZNF304
63814|L3MBTL2,0.05073981514058411,L3MBTL2
76683|CCND2,0.051192080591415175,CCND2
77064|ZNF675,0.05142820993746592,ZNF675
46240|NFIC,0.05361026862326314,NFIC
"52211|HBG1, HBG2",0.05377760677031696,"HBG1, HBG2"
46151|BCL11A,0.054631865210208526,BCL11A
65178|ZNF22,0.05538697634399182,ZNF22
38799|GMEB1,0.0599651894189227,GMEB1
42775|NPAT,0.06287972486466674,NPAT
64289|ZSCAN23,0.06321731705185513,ZSCAN23
62937|ZBTB40,0.0633231147061143,ZBTB40
42717|HEYL,0.06440542942292404,HEYL
77144|ZNF287,0.0651156822374274,ZNF287
65099|ZFP42,0.06574259522240085,ZFP42
63916|H3F3A,0.06608484238346596,H3F3A
77078|ZNF611,0.06634187334445155,ZNF611
65071|KLF12,0.06638683149393444,KLF12
77066|ZNF671,0.06664559666870558,ZNF671
64009|ZNF589,0.06822180317983773,ZNF589
45900|BACH1,0.06868559994710745,BACH1
77059|ZNF695,0.06888094212165044,ZNF695
70119|ASCL1,0.06933526981430853,ASCL1
6543|TP73,0.06966459505954602,TP73
50374|EZH1,0.07044575526580814,EZH1
74669|ZMYM3,0.07188104821693468,ZMYM3
63182|NBN,0.07250441038581833,NBN
38775|CIC,0.07312833146157112,CIC
38761|RFX2,0.07321990200189792,RFX2
77255|DPF1,0.0736840836288861,DPF1
73933|ZNF680,0.07476663286761058,ZNF680
65180|ZNF35,0.07514638326471271,ZNF35
76518|ZBTB16,0.0756375425177414,ZBTB16
62633|ZNF76,0.07646935481444957,ZNF76
72793|LMNA,0.07652524722186167,LMNA
77054|ZNF716,0.07664555013850287,ZNF716
38695|RBCK1,0.07735326792746446,RBCK1
62705|ZNF24,0.07753221662370614,ZNF24
38736|NKX2-2,0.07775966875726936,NKX2-2
56433|TOP2B,0.07952214579302541,TOP2B
77113|ZNF468,0.08050205535867912,ZNF468
74048|SPDEF,0.0806460736482768,SPDEF
72452|NCOA1,0.08125316545036354,NCOA1
63822|GTF2E2,0.08154695155384424,GTF2E2
73339|MCM3,0.08196940132043877,MCM3
64359|ZNF788,0.08417640953027193,ZNF788
42850|GRHL1,0.08442314243994502,GRHL1
64130|ILK,0.08724001665061644,ILK
64139|HHEX,0.08868374159990977,HHEX
1347|SMARCC2,0.08921097057773883,SMARCC2
41489|RING1,0.08948142410350382,RING1
51251|KDM1B,0.09028769978887549,KDM1B
75840|MYCN,0.09150756885449511,MYCN
62801|PTRF,0.09260165028038174,PTRF
38820|BARX2,0.0927401803174788,BARX2
45693|CTBP2,0.09286276420130277,CTBP2
62680|CREB3,0.09459154795740575,CREB3
40223|CTNNB1,0.09540898195269296,CTNNB1
45891|ZC3H11A,0.0956055221531252,ZC3H11A
64780|JUNB,0.10018338685901935,JUNB
73937|ZNF610,0.10074738844198365,ZNF610
76527|EPC1,0.10211210726994206,EPC1
76419|MAML3,0.10277636845637736,MAML3
77254|ZSCAN2,0.10311253233899344,ZSCAN2
77084|ZNF570,0.1042452775820852,ZNF570
36114|FANCD2,0.1067465265135027,FANCD2
58464|ARID1B,0.1097056329471622,ARID1B
69558|PSIP1,0.11218961038535012,PSIP1
74650|DRAP1,0.11271952194347495,DRAP1
42871|TFCP2,0.11376149389742025,TFCP2
76854|CDCA2,0.11513614334186854,CDCA2
48692|H3F3B,0.11568388100575452,H3F3B
63112|HNRNPLL,0.11708698722154871,HNRNPLL
77110|ZNF483,0.11859902903387859,ZNF483
72702|HOXA9,0.12030819872395346,HOXA9
63536|ZEB2,0.12158264651962246,ZEB2
74573|SPIN1,0.12216631320643599,SPIN1
47774|LDB1,0.1241199684626803,LDB1
77055|ZNF714,0.12474242112311708,ZNF714
77256|ZXDC,0.12582500246801315,ZXDC
42720|HOXA4,0.1259508510154049,HOXA4
57670|PCGF1,0.12979657776376308,PCGF1
38719|DLX1,0.1303032458453262,DLX1
63653|SP7,0.13210306306672837,SP7
77133|ZNF343,0.132160263656539,ZNF343
38826|ZIC2,0.13237372679575354,ZIC2
46251|MBD4,0.13309528388973685,MBD4
76567|ZNF618,0.1347992329239504,ZNF618
58061|ZNF165,0.13554591942637567,ZNF165
43364|EBNA3C,0.13662536695371727,EBNA3C
77087|ZNF565,0.13859948512250705,ZNF565
74651|BATF3,0.1400532051924976,BATF3
68570|POU3F2,0.14310845943680803,POU3F2
39653|NCOR2,0.1478255666120064,NCOR2
74397|IL1B,0.14802801713100933,IL1B
77169|ZNF169,0.14885417584722094,ZNF169
54634|HECTD1,0.15027197897701317,HECTD1
38661|CAMTA2,0.15104078332822937,CAMTA2
46142|SIX5,0.1511088730272321,SIX5
55211|MAPK1,0.1535988525395972,MAPK1
45978|ZNF217,0.15654135304080002,ZNF217
63903|ZXDB,0.15682863321746712,ZXDB
62587|MCM7,0.15995498725245513,MCM7
63678|ZNF423,0.16028644097084935,ZNF423
58466|ARID2,0.16110228876822158,ARID2
38081|SSRP1,0.16170116615076432,SSRP1
966|PRDM14,0.1618403883897758,PRDM14
62862|ZNF584,0.16707304031287704,ZNF584
38712|ETS2,0.1680053502420428,ETS2
38496|RBL1,0.16904013300860707,RBL1
33852|SF1,0.1719785445640214,SF1
63123|MBD1_isoform2,0.17342313444745772,MBD1_isoform2
51550|SALL4,0.1742953042369771,SALL4
54106|DNMT1,0.17556048731078877,DNMT1
50698|GTF2I,0.1793786378610962,GTF2I
64201|ZNF792,0.18110083570524932,ZNF792
68802|OVOL2,0.18141078034906385,OVOL2
38865|E2F2,0.18326568144467256,E2F2
1|BTAF1,0.1842634061346659,BTAF1
38815|MXD1,0.1856253954799867,MXD1
63011|ZNF697,0.18589009078129012,ZNF697
63019|DEK,0.1907641666159358,DEK
42772|MXD3,0.1911263804358281,MXD3
45756|GTF3C2,0.19147012595512797,GTF3C2
63204|ZNF354C,0.1917491108986089,ZNF354C
63905|ZNF438,0.19315959295270052,ZNF438
38804|E2F8,0.19492643244698754,E2F8
41515|NR5A2,0.1967723820140341,NR5A2
63264|PTTG1,0.19878024445911968,PTTG1
65163|ZNF667,0.20131937452191304,ZNF667
35715|PIAS4,0.2036415948462466,PIAS4
39924|ICE2,0.2038339577468081,ICE2
77083|ZNF571,0.20420060791129244,ZNF571
77168|ZNF17,0.20620352084524615,ZNF17
54631|NCAPG2,0.20709510233407172,NCAPG2
72703|NUP98-HOXA9,0.20743443828483413,NUP98-HOXA9
35289|BRDU,0.20780098354548543,BRDU
39918|ZC3H8,0.20858991969894639,ZC3H8
62530|ZNF175,0.21066301234667928,ZNF175
62558|PLRG1,0.21180017958093034,PLRG1
56247|BIRA,0.21198293142165361,BIRA
1221|GLYR1,0.21210777192718713,GLYR1
77262|HMG20A,0.21507161433057675,HMG20A
58829|CD59,0.22000920690865927,CD59
63600|DDX20,0.2207391803867278,DDX20
35717|UBE2I,0.22291704907041177,UBE2I
57110|EPO,0.2234333261187665,EPO
1227|C17orf49,0.22456597291666452,C17orf49
64553|HIC1,0.22500757866282028,HIC1
4125|HDAC3,0.22813360732959914,HDAC3
76999|PITX3,0.22823039659822011,PITX3
36349|PTPN11,0.23166778115133252,PTPN11
38174|EBNA3,0.23261573696206764,EBNA3
77257|ZNF75A,0.2329517417456392,ZNF75A
42721|HOXA5,0.2351479868507773,HOXA5
42804|ZBTB10,0.23669325251020776,ZBTB10
53077|RBP2,0.2368011918282909,RBP2
38688|NKX2-5,0.2407314141321168,NKX2-5
280|BRD7,0.24254760396133954,BRD7
63376|ZSCAN5A,0.2444973792751654,ZSCAN5A
77121|ZNF440,0.2448315970741341,ZNF440
42707|ARNT2,0.24662402231659108,ARNT2
50210|DDX21,0.24741133559073678,DDX21
73942|ZNF549,0.2520610163950511,ZNF549
56997|DACOR1,0.2566344162661794,DACOR1
77143|ZNF28,0.2643633939214,ZNF28
77366|TIAM1,0.2670982362585816,TIAM1
75838|MYOG,0.2673785270289702,MYOG
38792|MEIS3,0.27240837047750954,MEIS3
43448|GFI1B,0.2760555679632191,GFI1B
52214|TALE,0.28104497291953345,TALE
77114|ZNF460,0.2820907921914897,ZNF460
63522|TARDBP,0.28317237813620816,TARDBP
73975|ZNF12,0.2852019996267125,ZNF12
77095|ZNF548,0.2881020664246939,ZNF548
63031|t-IgG-control,0.2886188563108605,t-IgG-control
65166|ZNF322,0.28937798651638663,ZNF322
38823|HES4,0.29172337181199837,HES4
67833|EBNA3A,0.2929007444025141,EBNA3A
54255|NR3C2,0.3008385601750549,NR3C2
43825|TERF1,0.3009202743847182,TERF1
65059|ZFP82,0.30223332405382286,ZFP82
77267|NFIA,0.30468825851033954,NFIA
65165|ZNF449,0.30529868396919946,ZNF449
64496|ZNF781,0.3071134468712175,ZNF781
77175|ZNF133,0.3136877123057116,ZNF133
77018|ZNF93,0.3152598762206804,ZNF93
76970|LRWD1,0.31690104808515474,LRWD1
77152|ZNF267,0.3171742844813057,ZNF267
72700|NUP98,0.3195204649139361,NUP98
38666|ZBTB7B,0.32175631171985625,ZBTB7B
2654|PAX3,0.32449254578239983,PAX3
62920|ZSCAN29,0.3261195649029771,ZSCAN29
38642|ZNF236,0.3261286094481084,ZNF236
45763|POLR3A,0.3263985390058397,POLR3A
33467|ELF5,0.32864988610768886,ELF5
64879|ZBTB1,0.3298371371913363,ZBTB1
47710|SOX11,0.330444742960223,SOX11
64303|E2F5,0.33103007302132015,E2F5
54115|AGO2,0.3312111819307655,AGO2
77077|ZNF613,0.3327182119290408,ZNF613
38575|HSF2,0.33288218121830376,HSF2
38709|GLIS3,0.33365268127147363,GLIS3
64839|NONO,0.3340130863342782,NONO
63610|ZKSCAN8,0.34193882164487005,ZKSCAN8
50456|AUTS2,0.3419864327280754,AUTS2
38808|BARHL1,0.3422192725793221,BARHL1
54380|LMTK3,0.34544199074611925,LMTK3
62879|SMARCE1,0.34923163243014604,SMARCE1
56126|APOBEC3B,0.35266140683025066,APOBEC3B
77234|FOXR2,0.35800174459247813,FOXR2
71278|KAT2A,0.36630875583781036,KAT2A
77519|H3K18me1,0.3705839022998333,H3K18me1
44757|DICER1,0.3734644960782756,DICER1
38727|MZF1,0.3766955902905359,MZF1
4589|STAT5A,0.37729509753485263,STAT5A
77050|ZNF749,0.37856249050597357,ZNF749
77020|ZNF891,0.37927275861420745,ZNF891
32847|HOTAIR,0.37934935364695826,HOTAIR
63365|ZNF318,0.37966642910469456,ZNF318
62618|KLF17,0.3819065684083349,KLF17
64022|KLF13,0.3819105086363168,KLF13
77023|ZNF860,0.3825632107794004,ZNF860
56849|KRAB,0.3830941805506474,KRAB
43668|DPPA2,0.38340580838837174,DPPA2
63354|CEBPZ,0.3849040671563903,CEBPZ
77062|ZNF682,0.3860206409416127,ZNF682
76548|CHAT,0.3869154046039533,CHAT
77193|HKR1,0.4007786404701955,HKR1
70856|CASP8AP2,0.4021312271177264,CASP8AP2
50036|NME2,0.40371399784303097,NME2
42849|FOXO4,0.4037643736102528,FOXO4
42660|FOXQ1,0.40404614376629755,FOXQ1
57945|SOX15,0.40915179108062366,SOX15
77260|WDHD1,0.4098804998869186,WDHD1
63956|ZNF197,0.4138492069773857,ZNF197
65135|SCRT1,0.41430387742185787,SCRT1
65088|ZNF41,0.4165715026697335,ZNF41
77131|ZNF383,0.4190654674108804,ZNF383
65100|ZNF669,0.4202023490219286,ZNF669
48353|PRKDC,0.421213636309745,PRKDC
65127|ZNF281,0.42140283758790775,ZNF281
53472|SVIL,0.42150003760906546,SVIL
65105|ZNF502,0.4232778723054288,ZNF502
74411|CTRL,0.42417494744278506,CTRL
45727|ZNF274,0.42424615154674894,ZNF274
63460|MTA3,0.42440586350626286,MTA3
5454|BCAT1,0.4244391790974319,BCAT1
64618|HDAC8,0.42515324066428406,HDAC8
77158|ZNF222,0.43179670516086144,ZNF222
77021|ZNF880,0.43474508927222844,ZNF880
65060|ZNF329,0.4374415715200214,ZNF329
38845|DBP,0.4375289049731731,DBP
45919|ZMIZ1,0.43815403010675724,ZMIZ1
63766|ZNF414,0.4387303997498023,ZNF414
49482|ZNF92,0.4447426735422355,ZNF92
4596|STAT6,0.44482812705164254,STAT6
73940|ZNF558,0.44607571315738936,ZNF558
77258|ZNF701,0.448393285235953,ZNF701
38790|KLF3,0.4511400967108018,KLF3
65104|ZNF596,0.45204678404314647,ZNF596
77123|ZNF433,0.453880345518757,ZNF433
47100|CBFA2T3,0.4542881334473119,CBFA2T3
73936|ZNF641,0.45618889794899165,ZNF641
62526|ZNF2,0.45663550516585005,ZNF2
48356|PCGF2,0.45736660761257353,PCGF2
77037|ZNF786,0.46002333673268525,ZNF786
38721|CREB3L4,0.46148953089528233,CREB3L4
62888|ZNF518A,0.46364382157439643,ZNF518A
41627|BDP1,0.46644150760892644,BDP1
5363|SMAD2,0.467043748098222,SMAD2
65069|ZNF490,0.46720494384554134,ZNF490
77124|ZNF432,0.4684255972014776,ZNF432
65083|ZNF582,0.47927705675706156,ZNF582
55541|RAG1,0.47945641414462514,RAG1
6958|BCLAF1,0.4794935531413945,BCLAF1
43084|7SK,0.4803469252789748,7SK
77033|ZNF793,0.48258389452908623,ZNF793
63014|TSHZ1,0.4871207476500564,TSHZ1
77191|ZFP14,0.4873067204188427,ZFP14
73411|SREBF2,0.4879229364080776,SREBF2
62743|YBX1,0.49071935380055665,YBX1
62697|ZNF207,0.49198761232813537,ZNF207
38708|HOXA2,0.4920171831250125,HOXA2
38681|PHF20,0.49219872493425654,PHF20
42750|ATF7,0.4950071186059276,ATF7
43677|CDK2,0.4954505639627662,CDK2
65132|ZNF350,0.49806506176370025,ZNF350
65081|ZIM3,0.5019227461377396,ZIM3
77185|ZKSCAN2,0.5044919017508263,ZKSCAN2
62985|ZNF391,0.5063326298052202,ZNF391
73462|MLLT3,0.5091574546612434,MLLT3
45660|TBL1XR1,0.5119260424070751,TBL1XR1
63271|DROSHA,0.5133317740614443,DROSHA
76974|RPA1,0.5150000256362266,RPA1
1228|CCDC101,0.5158049680686019,CCDC101
58462|ARID1A,0.5167890527355585,ARID1A
69523|ZNF224,0.5178208292531101,ZNF224
76409|ESCO2,0.5194158544028504,ESCO2
77145|ZNF285,0.5218810001370258,ZNF285
73950|ZNF3,0.5229744425449532,ZNF3
65210|ZFP28,0.523727257805253,ZFP28
62531|ZNF585B,0.52373086922747,ZNF585B
73955|ZNF33A,0.523991035544844,ZNF33A
63976|ZNF512,0.5252983211084574,ZNF512
77028|ZNF805,0.5263485254571079,ZNF805
53704|TAT,0.5269850338612356,TAT
65192|ZBTB6,0.5273200054892553,ZBTB6
77183|ZKSCAN5,0.5377205196990809,ZKSCAN5
42847|STAG2,0.5392260019837907,STAG2
77091|ZNF557,0.5397160175946751,ZNF557
74673|RUVBL1,0.5406856566830542,RUVBL1
62811|COPS2,0.5413987073081614,COPS2
36354|SNAPC2,0.5435216284656157,SNAPC2
65141|ZNF320,0.5436381291274444,ZNF320
2638|EBNA1BP2,0.5438262058306322,EBNA1BP2
77096|ZNF543,0.5440671192048423,ZNF543
63049|ZNF292,0.5492311975943285,ZNF292
49193|CSNK2A1,0.5498096201335623,CSNK2A1
67859|EBNA2,0.5504734642002409,EBNA2
62818|ZFP3,0.5515425495879662,ZFP3
73091|RPA2,0.5525726517725877,RPA2
77167|ZNF180,0.5589819267900882,ZNF180
38827|FOXG1,0.5605620710907813,FOXG1
42711|DR1,0.5625291973146342,DR1
65082|ZNF778,0.5670118105931081,ZNF778
42768|ID3,0.5679106874514872,ID3
65199|ZNF30,0.570740256739279,ZNF30
45389|WHSC1,0.5753602793039383,WHSC1
63302|NKRF,0.5770286228936676,NKRF
74120|OLFM2,0.5812590252183476,OLFM2
77166|ZNF181,0.5874929719967603,ZNF181
43552|C17orf96,0.5882205561559124,C17orf96
77138|ZNF324B,0.5886690824756953,ZNF324B
77176|ZNF132,0.5901167753991008,ZNF132
49781|CHD7,0.5930731940713792,CHD7
63632|ZNF501,0.5933287275561243,ZNF501
5563|CARM1,0.5958331222415061,CARM1
64349|ZNF644,0.5987117967311788,ZNF644
76885|TERT,0.6050431279793238,TERT
73945|ZNF486,0.6056939472551583,ZNF486
45427|CBX2,0.6120450326637878,CBX2
72432|GUCY1B3,0.613697048066959,GUCY1B3
38817|HOXA1,0.616518080265698,HOXA1
63554|MIER1,0.6194497009532483,MIER1
77173|ZNF141,0.6196184219809284,ZNF141
69247|SIX2,0.6200107757397686,SIX2
64619|TRIM22,0.6202380444624145,TRIM22
38796|ZFAT,0.6229508073766179,ZFAT
35296|ORC1,0.6237214854205564,ORC1
77189|ZFP69,0.6254104597760706,ZFP69
52054|HJURP,0.6283537523551159,HJURP
38782|AEBP2,0.629027060168893,AEBP2
77270|ZNF410,0.6296580576985138,ZNF410
68781|TOP1,0.6316448550031675,TOP1
35962|HIST1H1B,0.6334226335257453,HIST1H1B
65064|ZNF34,0.6383747970124585,ZNF34
42866|RLF,0.6395802818189666,RLF
1330|POLR3G,0.6466789859403435,POLR3G
35658|PBX1,0.6486429290805296,PBX1
64241|ZNF146,0.6531598754634318,ZNF146
36359|SNAPC4,0.65363400748466,SNAPC4
39915|ELL,0.6630795891509913,ELL
65107|ZNF418,0.6638222160388905,ZNF418
77101|ZNF527,0.6649724020829242,ZNF527
45921|BRF2,0.6655236215468374,BRF2
1229|GTF3C1,0.6696152833082001,GTF3C1
77025|ZNF823,0.6705380360201029,ZNF823
38656|MSX1,0.6733306939101615,MSX1
77086|ZNF566,0.6734750767760465,ZNF566
77171|ZNF157,0.6744938236424259,ZNF157
5982|SUPT20H,0.6760231867895421,SUPT20H
77162|ZNF205,0.6764062304629326,ZNF205
77090|ZNF561,0.6777449154741941,ZNF561
42886|ZNF266,0.6804631290668093,ZNF266
73930|ZNF708,0.680675963359819,ZNF708
63007|ZNF8,0.6807302251767269,ZNF8
64421|PRDM12,0.6808454340742567,PRDM12
69557|ASH1L,0.6844396384136088,ASH1L
77504|None,0.6846038526264917,None
77190|ZFP1,0.6870995464428575,ZFP1
76709|MGEA5,0.6889281958801834,MGEA5
77022|ZNF879,0.6905643019470558,ZNF879
38807|ISL1,0.6909506139619166,ISL1
38638|ZFHX3,0.6913318058427624,ZFHX3
64173|ZNF580,0.6919188563838636,ZNF580
42742|PPARA,0.6939006153167597,PPARA
63871|ZNF138,0.6945683560023334,ZNF138
77130|ZNF398,0.7005754416900332,ZNF398
77111|ZNF480,0.70186115473579,ZNF480
77153|ZNF25,0.7025409090062502,ZNF25
38856|ATOH1,0.7029453154785783,ATOH1
63634|ZNF101,0.7034950328965099,ZNF101
65136|ZNF184,0.7051902671172963,ZNF184
64673|ZNF707,0.7053804809220057,ZNF707
42887|ZNF280D,0.7072240894610133,ZNF280D
77178|ZNF114,0.70783505732119,ZNF114
39345|USP49,0.7089602440986396,USP49
64871|ZBTB49,0.7113035162724155,ZBTB49
62966|HDGF,0.7118629553514498,HDGF
38643|ERF,0.7123687011193367,ERF
38812|ASCL2,0.712831346872226,ASCL2
33542|IRF2,0.7132772117148245,IRF2
77079|ZNF605,0.7142105340031766,ZNF605
42723|HOXB4,0.7155002653104741,HOXB4
45929|SIRT6,0.7184778827761593,SIRT6
8555|PCGF6,0.7195775927450094,PCGF6
2|GAPDH,0.7208836217698555,GAPDH
42765|HOXC8,0.721126371833845,HOXC8
65065|ZNF595,0.7228734640282594,ZNF595
38647|ETV7,0.7236625804788543,ETV7
52109|CGGBP1,0.7296236180503595,CGGBP1
8525|HNRNPL,0.7296236180503595,HNRNPL
40328|SIRT3,0.7296236180503595,SIRT3
42816|CDC5L,0.7296236180503595,CDC5L
42824|ELF4,0.7296236180503595,ELF4
42841|MEOX2,0.7296236180503595,MEOX2
42861|PLAG1,0.7296236180503595,PLAG1
42857|NFIB,0.7296236180503595,NFIB
42826|FOXC1,0.7296236180503595,FOXC1
42835|HOXD1,0.7296236180503595,HOXD1
42764|HOXB8,0.7296236180503595,HOXB8
42811|BBX,0.7296236180503595,BBX
42869|TCFL5,0.7320195822141042,TCFL5
65161|ZNF774,0.7320353997669773,ZNF774
63763|ZNF48,0.7320553333865738,ZNF48
65169|ZBTB12,0.7331594951960982,ZBTB12
76831|SETX,0.7343604054713633,SETX
77188|ZFP90,0.7360714849625565,ZFP90
45803|GRP20,0.7378859346849276,GRP20
77261|ZNF597,0.7399976982947067,ZNF597
65063|ZNF574,0.74045285812577,ZNF574
77128|ZNF425,0.7414617425314364,ZNF425
52207|IL1RN,0.7415553305961595,IL1RN
43548|C10orf12,0.7422465476403329,C10orf12
38776|TFDP2,0.7422465476403329,TFDP2
42879|ZBTB39,0.7422465476403329,ZBTB39
42651|EVX1,0.7422465476403329,EVX1
42656|FOXF1,0.7422465476403329,FOXF1
55365|LOXL1,0.7422465476403329,LOXL1
42860|PCF11,0.7422465476403329,PCF11
42821|DMRT2,0.7422465476403329,DMRT2
52587|WIZ,0.7422465476403329,WIZ
52585|EHMT2,0.7422465476403329,EHMT2
42674|HOXD13,0.7422465476403329,HOXD13
42827|FOXF2,0.7422465476403329,FOXF2
42837|KCMF1,0.7422465476403329,KCMF1
35559|SFMBT1,0.7422465476403329,SFMBT1
42669|HOXA11,0.7422465476403329,HOXA11
42739|NR1I2,0.7422465476403329,NR1I2
42673|HOXD11,0.7422465476403329,HOXD11
42678|IKZF5,0.7422465476403329,IKZF5
42677|ID4,0.7422465476403329,ID4
8554|PCGF5,0.7463578594200213,PCGF5
49198|F2RL1,0.7463578594200213,F2RL1
42817|CDX1,0.7473744174673258,CDX1
42873|TOE1,0.7473744174673258,TOE1
34479|NFKBIA,0.7473960738696969,NFKBIA
62620|CHAMP1,0.7482810727290846,CHAMP1
76550|POLB,0.7490773335518002,POLB
77533|H2AK119ub,0.7490773335518002,H2AK119ub
42809|ARNTL2,0.7490773335518002,ARNTL2
63186|SIX4,0.7493286210520995,SIX4
42881|ZBTB4,0.7513927220873258,ZBTB4
42683|ISL2,0.7513927220873258,ISL2
42663|HESX1,0.7513927220873258,HESX1
42652|FERD3L,0.7513927220873258,FERD3L
42670|HOXB1,0.7513927220873258,HOXB1
42855|MYBL1,0.7513927220873258,MYBL1
42834|HOXB7,0.7513927220873258,HOXB7
42672|HOXB5,0.7513927220873258,HOXB5
38828|BTF3,0.7513927220873258,BTF3
42675|HOXD4,0.7513927220873258,HOXD4
76669|DDX11,0.7513927220873258,DDX11
42676|HOXD9,0.7513927220873258,HOXD9
77041|ZNF780A,0.7531482250111995,ZNF780A
39008|H3Pan,0.7531703067359913,H3Pan
77074|ZNF616,0.7532817471492592,ZNF616
58949|SMN1,0.7546364116453171,SMN1
38837|MSX2,0.7573044391861438,MSX2
76942|SRPK2,0.758186329444908,SRPK2
54385|DKK1,0.758186329444908,DKK1
65089|ZNF136,0.7582918745813662,ZNF136
42808|ADNP2,0.758734482956691,ADNP2
73755|FOXD3,0.758734482956691,FOXD3
56895|MAP1LC3A,0.758734482956691,MAP1LC3A
65150|SNAI1,0.758734482956691,SNAI1
76473|CCNT1,0.758734482956691,CCNT1
1797|BRF1,0.7587595003872932,BRF1
77094|ZNF550,0.7590133562278697,ZNF550
65212|ZNF513,0.7601745484786878,ZNF513
65137|ZBTB18,0.7603134779646296,ZBTB18
38710|SATB1,0.7607577401011367,SATB1
77100|ZNF529,0.7607579938693697,ZNF529
77040|ZNF782,0.7628126046411016,ZNF782
38728|CASZ1,0.7635102050055289,CASZ1
42709|ATF6,0.7649254845273548,ATF6
42856|NFE2L3,0.7649254845273548,NFE2L3
69821|MDM2,0.7649254845273548,MDM2
38637|OTX1,0.7649254845273548,OTX1
42820|DDIT3,0.765139771158609,DDIT3
77069|ZNF627,0.7654787586994224,ZNF627
58995|EWSR1,0.7654942563914907,EWSR1
42671|HOXB2,0.765708776725369,HOXB2
77160|ZNF211,0.7682182067698153,ZNF211
76668|PAX8,0.7697948927629312,PAX8
38725|TFE3,0.7699774360497483,TFE3
73967|ZNF225,0.7700791397702107,ZNF225
77089|ZNF562,0.7701321479736268,ZNF562
42767|ID2,0.7703021809175574,ID2
1332|POU2F1,0.7703021809175574,POU2F1
69877|CCR5,0.7703021819862749,CCR5
63579|ZNF239,0.7711596042159309,ZNF239
42763|HOXB6,0.7724819071019661,HOXB6
38750|ZNF407,0.7731208349146833,ZNF407
76675|HP1BP3,0.7750647788677798,HP1BP3
58136|ARID3B,0.7750647788677798,ARID3B
42862|PRDM4,0.7750647788677798,PRDM4
69231|CENPT,0.7750647788677798,CENPT
62648|MCM5,0.7750647826825386,MCM5
42666|HIVEP3,0.7767683535085229,HIVEP3
63449|DEAF1,0.7769247391368878,DEAF1
76572|CENPC,0.7771379996550664,CENPC
38641|ATF5,0.7775873382500962,ATF5
1348|SMC4,0.7780867977957835,SMC4
77363|ZNF516,0.7793438139196133,ZNF516
42699|NHLH1,0.7793438156428217,NHLH1
42695|MTF1,0.7800741478666217,MTF1
38822|HOXA7,0.7801177134112726,HOXA7
77024|ZNF846,0.780365242010706,ZNF846
42891|ZNF84,0.7808607679826856,ZNF84
42830|GZF1,0.7818222731984096,GZF1
77070|ZNF626,0.7824473045713041,ZNF626
55217|MAP2K1,0.7832299628538846,MAP2K1
41723|TFAM,0.7832299628538846,TFAM
38745|PITX1,0.7832299636397417,PITX1
77082|ZNF573,0.784767416359911,ZNF573
38821|HIVEP1,0.7867892241262062,HIVEP1
65067|ZNF547,0.7868219139100566,ZNF547
42872|THAP4,0.7882008678270523,THAP4
77154|ZNF254,0.7883767179886713,ZNF254
76684|CDKN1B,0.7884565328462004,CDKN1B
64714|ZNF800,0.789077000024958,ZNF800
65196|ZNF586,0.7890845406802506,ZNF586
38816|IRX3,0.7896584087216759,IRX3
38781|NEUROG3,0.7900713848282217,NEUROG3
38744|RAX2,0.7900713848282217,RAX2
65103|ZNF419,0.7924812810294176,ZNF419
42701|NKX6-1,0.7931150992170847,NKX6-1
42888|ZNF395,0.7943648818488876,ZNF395
77187|ZIK1,0.7945467223878465,ZIK1
42694|MSC,0.7950070572122201,MSC
62769|ZNF71,0.7955284413999223,ZNF71
42867|SKI,0.7957530636278297,SKI
65128|ZNF436,0.796152545353874,ZNF436
42697|NEUROD2,0.7973094638874949,NEUROD2
38648|GLI1,0.7973094647332567,GLI1
77240|ZSCAN5B,0.7973198948860608,ZSCAN5B
76968|MBOAT4,0.7986040949752765,MBOAT4
38849|MEIS2,0.7988720969371329,MEIS2
65118|ZNF768,0.7991997674217287,ZNF768
49184|EGFA-T1,0.8008272040421819,EGFA-T1
77125|ZNF431,0.8022325747653907,ZNF431
55206|EGFR,0.8024792204895178,EGFR
77027|ZNF808,0.8025538875340528,ZNF808
62566|ZNF623,0.8031922456446674,ZNF623
73964|ZNF264,0.8045887147856735,ZNF264
38840|ALX4,0.8052664495598225,ALX4
77053|ZNF730,0.806128876857953,ZNF730
38655|HOXC6,0.8066346850558161,HOXC6
77139|ZNF311,0.8068724737791132,ZNF311
45630|WRNIP1,0.8069131869896391,WRNIP1
77126|ZNF430,0.8070120570506633,ZNF430
38675|ZZZ3,0.8077497745369765,ZZZ3
64278|ZNF592,0.8092852918283433,ZNF592
38764|ZNF706,0.8112680234048865,ZNF706
43555|CBX4,0.8130835326483539,CBX4
59015|EP400,0.8138857911635143,EP400
38689|CREB3L2,0.8151376326770456,CREB3L2
77093|ZNF552,0.8158060509831463,ZNF552
38787|TBX3,0.8164331784286322,TBX3
65202|ZNF37A,0.8183872888432245,ZNF37A
38791|HOXA10,0.8209186687893072,HOXA10
42889|ZNF581,0.8212366997436337,ZNF581
51839|MRE11A,0.8216168866697787,MRE11A
42831|HAND1,0.8218661202027889,HAND1
65216|ZNF563,0.823999993920557,ZNF563
72433|SMARCA2,0.8241891487129186,SMARCA2
64425|KLF16,0.8244544850927317,KLF16
33035|AHR,0.8267996041053985,AHR
38635|FOXD2,0.8278051726524563,FOXD2
38798|ZBED4,0.8280052629964914,ZBED4
42704|NR4A2,0.8282821225646465,NR4A2
77106|ZNF492,0.8284350782898916,ZNF492
77056|ZNF705G,0.8288958746188472,ZNF705G
38838|LHX3,0.8289080548867344,LHX3
57661|BAHD1,0.8293325303243722,BAHD1
65213|ZNF454,0.8300329556563264,ZNF454
42690|LHX6,0.8302840365257977,LHX6
38780|LMX1B,0.8308565844873298,LMX1B
42693|MIXL1,0.8325212471902851,MIXL1
65101|GTF3A,0.8338876745849222,GTF3A
65068|ZNF214,0.8356110117582354,ZNF214
62991|GLI4,0.8374512386659064,GLI4
77156|ZNF235,0.8374925747986325,ZNF235
65191|ZNF528,0.837888600595888,ZNF528
42700|NKX2-8,0.839742670327601,NKX2-8
68198|ATRX,0.840817629318955,ATRX
38722|DLX4,0.8432517692954695,DLX4
38752|DMRT1,0.8444187543962272,DMRT1
77051|ZNF737,0.8445971146994238,ZNF737
38835|DLX6,0.847204996632002,DLX6
52718|DYRK1A,0.8474540443388884,DYRK1A
73756|MEN1,0.848444902641293,MEN1
38644|HSF4,0.8486816528322773,HSF4
42689|LHX5,0.8490635265200998,LHX5
73981|PRDM9,0.8491551280623013,PRDM9
2685|ZNF711,0.849787432935929,ZNF711
38747|TOX4,0.85047950049526,TOX4
77088|ZNF564,0.850990275057857,ZNF564
36364|SNAPC5,0.8525468834679479,SNAPC5
44029|PALB2,0.8534335537833587,PALB2
42852|HOXC13,0.8558932486589744,HOXC13
42688|LHX4,0.8559922286846489,LHX4
77097|ZNF540,0.8568631013783427,ZNF540
77073|ZNF619,0.8574804835981085,ZNF619
77072|ZNF620,0.8584758334313746,ZNF620
41630|POLR3GL,0.8591830490196326,POLR3GL
73956|ZNF331,0.8604218799656354,ZNF331
77132|ZNF354B,0.8610403820408874,ZNF354B
77142|ZNF300,0.8614095868478663,ZNF300
77155|ZNF248,0.8618035951760877,ZNF248
42696|MYF6,0.8619993593613027,MYF6
63357|ZFP41,0.8623328402169542,ZFP41
77019|ZNF90,0.8634315651965137,ZNF90
68102|CRY1,0.8639263991265943,CRY1
77052|ZNF736,0.8645877649555005,ZNF736
38754|GLI3,0.8648470621439798,GLI3
76586|SIX1,0.8649300012535586,SIX1
77105|ZNF496,0.8683300915795484,ZNF496
45877|XRCC4,0.8696130064266708,XRCC4
77159|ZNF212,0.8704271015037235,ZNF212
73957|ZNF324,0.8706690772608854,ZNF324
42839|LCOR,0.8707824498203104,LCOR
42853|IRX2,0.8707824498203104,IRX2
58996|TAF15,0.8707824498203104,TAF15
42776|NR1D1,0.8707824498203104,NR1D1
42818|CREBL2,0.8707824498203104,CREBL2
38748|PAX2,0.8707824498203104,PAX2
38711|TRPS1,0.8707824498203104,TRPS1
397|IGF1R,0.8707824498203104,IGF1R
42803|UBP1,0.8707824498203104,UBP1
42795|CAMTA1,0.8707824498203104,CAMTA1
38842|YBX3,0.8707824498203104,YBX3
76829|PGBD5,0.8707824498203104,PGBD5
42858|NKX2-3,0.8707824498203104,NKX2-3
42748|AHCTF1,0.8707824498203104,AHCTF1
42740|NR2E3,0.8707824498203104,NR2E3
38810|NFATC4,0.8707824498203104,NFATC4
38676|HMGA1,0.8707824498203104,HMGA1
38660|TGIF1,0.8707824498203104,TGIF1
42661|HES5,0.8707824498203104,HES5
42766|ID1,0.8707824498203104,ID1
42769|JAZF1,0.8707824498203104,JAZF1
38859|CEBPE,0.8707824498203104,CEBPE
42647|BHLHE41,0.8707824498203104,BHLHE41
42682|IRX5,0.8707824498203104,IRX5
38769|TFEB,0.8707824498203104,TFEB
42649|CREB3L1,0.8707824498203104,CREB3L1
42665|HIC2,0.8707824498203104,HIC2
42662|HES7,0.8707824498203104,HES7
42681|IRF8,0.8707824498203104,IRF8
64777|SMARCA5,0.871526736480954,SMARCA5
49156|COIL,0.872827485542043,COIL
77172|ZNF154,0.8733240486112099,ZNF154
38680|JDP2,0.8736129477487126,JDP2
53165|ALKBH3,0.8739112725488363,ALKBH3
34532|GCG,0.875347840722571,GCG
63394|ZNF488,0.8779069214479076,ZNF488
77102|ZNF525,0.879451749947716,ZNF525
77076|ZNF614,0.8802512710243031,ZNF614
77035|ZNF790,0.8825597262768581,ZNF790
65143|ZNF354A,0.8832605665298764,ZNF354A
38800|RORA,0.8840062266985498,RORA
42865|RFX7,0.884287877824302,RFX7
68963|CBFA2T2,0.8853751114810029,CBFA2T2
76943|SRPK1,0.8879075064187314,SRPK1
77046|ZNF764,0.8880811411901509,ZNF764
65181|ZNF250,0.8883041885712407,ZNF250
77058|ZNF69,0.8884339973874419,ZNF69
77067|ZNF662,0.888443642701658,ZNF662
77075|ZNF615,0.8896857082720755,ZNF615
52242|ZTA,0.891803512958961,ZTA
77186|ZIM2,0.8922331137746096,ZIM2
77038|ZNF785,0.8925433034229677,ZNF785
76671|SMARCA1,0.8927814987934851,SMARCA1
35107|DOT1L,0.892795814837064,DOT1L
77157|ZNF223,0.892847579436583,ZNF223
77457|SON,0.8930267483606921,SON
77122|ZNF439,0.8939120628041975,ZNF439
65184|ZNF85,0.8939278215108095,ZNF85
77151|ZNF26,0.8946106640270979,ZNF26
42759|ELF2,0.8954475613956999,ELF2
62682|ZNF16,0.8968442401972695,ZNF16
77129|ZNF417,0.896909233041475,ZNF417
55660|NR0B2,0.8980014297273263,NR0B2
77141|ZNF302,0.8980316940651496,ZNF302
77184|ZKSCAN3,0.8999985572064435,ZKSCAN3
77134|ZNF33B,0.900939073518522,ZNF33B
77049|ZNF74,0.9026279885600745,ZNF74
77115|ZNF45,0.902888872853328,ZNF45
64311|PRDM2,0.904220112568558,PRDM2
38830|FEV,0.9048400319474013,FEV
62905|DIDO1,0.9048956449862783,DIDO1
77045|ZNF765,0.9069104107266692,ZNF765
77085|ZNF567,0.9078878449182277,ZNF567
77119|ZNF442,0.9106174875421631,ZNF442
8784|CHD3,0.9106515663011092,CHD3
45381|CHD4,0.9106515663011092,CHD4
76470|MBD3L2,0.9112187681785998,MBD3L2
77034|ZNF791,0.9136027190353315,ZNF791
77179|ZNF10,0.9163921438444236,ZNF10
77137|ZNF333,0.9173574790594039,ZNF333
77026|ZNF81,0.9193148572666637,ZNF81
70762|HDAC4,0.9209983552959472,HDAC4
77080|ZNF587,0.9215625688341379,ZNF587
77177|ZNF124,0.9223365657407008,ZNF124
77068|ZNF649,0.9230543587914594,ZNF649
64307|ZNF837,0.9236774501082691,ZNF837
65157|ZNF260,0.9249213616708916,ZNF260
77031|ZNF799,0.9252738628062962,ZNF799
51613|THAP11,0.9256313425711739,THAP11
77048|ZNF75D,0.9270382987117303,ZNF75D
65215|ZNF784,0.9271654312373697,ZNF784
49742|SSU72,0.9286202936718686,SSU72
8560|RYBP,0.9288119229305942,RYBP
77147|ZNF283,0.9310769343621295,ZNF283
77104|ZNF506,0.9314611757493746,ZNF506
77136|ZNF334,0.9329291862169978,ZNF334
5562|RAC3,0.9400351765138238,RAC3
77163|ZNF19,0.9417310280940947,ZNF19
65185|ZNF816,0.9417508684882133,ZNF816
77092|ZNF555,0.9426930929441832,ZNF555
77029|ZNF7,0.9481981971702205,ZNF7
56010|CDK12,0.9489330554032129,CDK12
77036|ZNF789,0.9526677814907616,ZNF789
63465|MBD1_isoform1,0.9536196511616389,MBD1_isoform1
77063|ZNF681,0.9543431643984115,ZNF681
63399|ZFP37,0.9551203657146842,ZFP37
62900|ZNF346,0.9568911438583935,ZNF346
77192|RBAK,0.9580642593168334,RBAK
77044|ZNF776,0.9586419898099914,ZNF776
77109|ZNF484,0.9604140732972969,ZNF484
2972|ATF7IP,0.9655847051382139,ATF7IP
43567|CBX6,0.9672121198800655,CBX6
40348|CHD5,0.9673006729311526,CHD5
62666|HLTF,0.9674071323277381,HLTF
2400|TDRD3,0.9678766920562769,TDRD3
77060|ZNF684,0.9708771698572602,ZNF684
71951|BANP,0.9743174529487755,BANP
64464|BCL11B,0.9810615157908046,BCL11B
77135|ZNF337,0.982936087547684,ZNF337
77117|ZNF445,0.9833622433920352,ZNF445
63737|ZNF654,0.9837202145836447,ZNF654
77108|ZNF485,0.9860405735954035,ZNF485
65102|ZSCAN31,0.989409423521957,ZSCAN31
75571|HAP1,0.9924108312642014,HAP1
76526|BRD9,0.9997993692380124,BRD9
65073|ZNF280A,0.9999820474142848,ZNF280A
