,72970|AR,41269|RELA,73711|AFF1,49265|SCML2,56852|KRAB,68851|NR3C1,71057|ATF7IP,74213|EZH2,56666|HOXB13,38636|GATA6,74215|SUZ12,43542|EZH2,64932|NR3C1,50345|TP53,76844|EBF3,70100|TET2,67598|FOXA1,38683|MAZ,43550|C17orf96,62558|PLRG1,71056|SETDB1,51467|GATA4,33495|ESR1,67684|ZBTB7A,76572|CENPC,69231|CENPT,67596|FOXA1,57276|AR,71109|AR,51468|GATA4,51478|GATA6,43544|EZH2,70097|TET2,51476|GATA6,58054|NR3C1,56446|EHMT2,51434|PRDM1,56842|KRAB,35947|FOXA1,71108|AR,54134|CEBPB,48642|SPIB,56667|HOXB13,47336|FOXA1,42944|RFX2,45466|EZH2,35941|FOXA1,54132|CEBPB,72793|LMNA,69521|MED1,56456|EHMT2,57275|AR,69276|AR,51267|AR,71107|AR,64928|HES2,47335|AR,40024|BRD4,69232|CENPT,35963|HIST1H1B,54131|CEBPB,44586|BRD4,54139|ATF4,41493|BMI1,56447|EHMT2,75280|ZBTB48,67614|FOXA1,56854|KRAB,50054|AR,56107|AR,34946|NR3C1,51051|PIAS1,75852|FOXO1,54107|DNMT1,69283|AR,71110|AR,56848|KRAB,5883|RXRA,69288|AR,44699|LANA,51268|AR,73981|PRDM9,54136|CEBPB,50402|CREBBP,51463|GATA4,72101|SMARCC1,56668|HOXB13,72450|NCOA1,49879|FLI1,42723|HOXB4,62587|MCM7,38798|ZBED4,52677|FOXA1,62588|MCM7,51049|AR,49603|ZNF486,38806|FOXO3,4932|NANOG,33509|ESR1,52537|AR,77099|ZNF530,56391|AR,64217|HES2,35636|EZH2,64927|HES2,51052|PIAS1,54548|RBPJ,51270|FOXA1,63919|FOSL2,56454|EHMT2,73190|FOXA1,55660|NR0B2,1086|SMAD4,69235|CENPT,38794|SMAD3,57951|NR3C1,54137|CEBPB,51455|FOXA2,52106|TP53,54133|CEBPB,73939|ZNF582,68971|PR,51459|FOXA2,63146|FOXA1,54118|AGO2,69280|AR,50059|AR,64835|HES2,71170|AR,8652|AR,70096|TET2,76846|EBF3,48704|SPI1,77242|ZMYND11,76574|CENPC,39906|FOXO3,4596|STAT6,50051|AR,64242|HES2,77049|ZNF74,2654|PAX3,6571|FOXA1,33510|FOXA1,71168|AR,51269|FOXA1,2791|TP53,54114|AGO2,45490|EZH2,43855|AR,56117|AR,71218|FOXA1,56663|HOXB13,2912|AR,35943|FOXA1,43342|SPI1,42784|SP1,67772|TAL1,69901|FOXA1,51520|NANOG,38849|MEIS2,42743|PPARG,62753|FOSL2,54106|DNMT1,47865|REST,47096|EPAS1,77088|ZNF564,72129|SMARCA4,56846|KRAB,33158|GATA3,71213|FOXA1,65022|HES2,77068|ZNF649,47095|EPAS1,63543|HES2,40289|TP53,62713|ZNF175,41816|JARID2,49643|ESR1,45999|FOS,64154|NR3C1,50993|MLLT3,50052|AR,56276|CHRM2,44687|LANA,56670|AR,70099|TET2,64473|NR3C1,72452|NCOA1,44576|AR,64929|HES2,62645|HES2,50346|TP53,64224|NR3C1,64961|HES2,50275|FOXA1,33156|ESR1,62718|FOSL2,67741|FOXA1,49931|ERG,4402|MEIS1,292|TP53,64156|NR3C1,76279|CALU,69281|AR,45184|EZH2,2911|AR,51272|FOXA1,49178|EMX1,72110|SMARCC1,34102|NANOG,51465|GATA4,2910|AR,37087|MEF2C,34950|NR3C1,5925|JUND,37099|AR,62811|COPS2,64963|HES2,58056|NR3C1,33136|GATA3,51513|NANOG,33223|ESR1,73948|ZNF419,63552|HES2,38906|NFE2L2,71212|FOXA1,51516|NANOG,68850|NR3C1,56665|FOXA1,70101|5MC,1143|ELL2,69795|PPARG,64674|ZNF707,41492|BMI1,36411|NKX2-1,63542|HES2,48087|AR,38735|MYBL2,76888|TERT,46002|STAT3,36350|PTPN11,68973|PR,67734|GATA2,56463|EHMT2,2192|FOXA1,44357|ERCC6,58188|BANF1,71229|RELA,35485|TCF7L1,34089|NANOG,69277|AR,56390|AR,48598|CBX5,4550|SPI1,52055|HJURP,46005|FOS,55166|FOXA1,64251|NR3C1,71214|FOXA1,56111|AR,5391|SP1,64241|ZNF146,6565|ESR1,72799|LMNA,9323|HOXA9,73187|FOXA1,69289|AR,59002|LYL1,51271|FOXA1,35768|FOXA1,56455|EHMT2,76970|LRWD1,52680|FOXA1,33150|GATA3,4933|NANOG,56119|AR,2191|FOXA1,50060|AR,51050|PIAS1,38797|GATA1,45345|EZH2,51048|AR,75849|BRD4,73977|ZIM3,62795|H3F3A,2919|FOXA1,56256|AR,63147|FOXA1,74935|CUX1,76548|CHAT,55162|AR,67773|GATA1,45498|EZH2,68861|ESR1,73188|FOXA1,77177|ZNF124,44764|TP53,64218|HES2,64155|NR3C1,76969|LRWD1
chr1:21651855:21651856:NM_001145658:RAP1GAP,0.0,0.0,0.0,0.0,0.613,0.0,0.0,0.0,0.508,0.0,0.0,0.0,0.0,0.0,0.0,0.0,0.087,0.0,0.593,0.0,0.0,0.21,1.292,0.0,0.0,0.0,0.213,0.0,0.856,0.0,0.0,0.0,0.0,0.0,0.42,1.409,0.0,0.0,0.0,0.855,1.129,0.021,0.402,0.0,0.0,1.828,0.0,0.936,0.0,0.0,0.0,0.0,0.0,0.536,0.437,0.0,0.0,0.0,0.0,0.0,0.011,0.0,0.0,0.004,0.0,1.409,0.508,0.0,0.0,0.458,0.0,0.3,0.0,0.071,0.108,0.857,0.0,0.0,0.107,0.0,0.436,0.0,0.007,0.005,0.209,0.385,0.313,0.0,0.906,0.0,0.21,0.0,0.001,0.211,0.295,0.001,0.0,0.0,1.289,0.0,0.0,0.0,0.0,0.0,0.0,0.195,0.0,1.813,0.386,1.408,0.467,0.613,0.419,0.0,0.0,0.0,0.038,0.407,0.0,1.49,0.0,0.0,0.334,0.087,0.059,0.108,0.0,0.0,0.108,0.798,0.584,0.0,0.0,0.0,0.0,0.0,0.0,0.017,0.0,0.0,0.014,0.857,0.857,0.137,1.163,0.0,0.0,1.231,0.824,0.0,0.416,0.0,0.108,0.0,0.0,0.0,0.0,0.0,0.188,0.0,0.0,0.385,0.072,1.408,0.0,0.0,0.188,0.0,0.0,0.397,0.0,0.0,0.0,0.0,0.0,0.0,0.0,0.402,2.702,0.0,0.0,0.0,0.0,0.0,1.376,0.519,0.474,0.392,0.776,0.0,0.0,0.0,0.0,0.0,0.292,1.748,0.387,0.293,0.0,0.0,0.0,0.0,0.385,0.107,0.264,0.088,1.248,0.0,1.408,0.186,0.0,0.731,0.0,0.231,0.388,0.756,0.0,0.0,0.0,0.0,0.186,1.169,0.0,0.0,0.0,0.653,0.005,0.0,0.302,0.0,0.0,0.941,0.0,0.129,0.019,0.0,0.0,0.0,0.0,0.0,0.0,0.0,0.209,0.798,0.294,0.0,0.0,0.0,0.0,0.005,0.109,0.709,0.0,0.045,0.0,0.518,0.134,0.0,0.653,0.107,0.0,0.35,0.781,0.0,0.0,0.502,0.107,0.0,1.839,0.549,0.0,0.0,0.321,0.828,0.0,0.194,0.293,0.0,0.299,0.0,0.0,0.855,0.014,0.0,0.0,0.136,0.195,0.0,0.0,0.0,0.107,0.0,2.207,0.747,0.821,0.0,0.002,0.0,0.0,0.0
chr1:111989155:111989156:NM_004980:KCND3,0.0,0.0,0.0,0.0,0.0,0.0,0.0,0.0,1.071,0.0,0.0,0.0,0.0,0.0,0.0,0.099,0.416,0.0,0.91,0.0,0.0,0.0,2.222,0.0,0.0,0.0,0.816,0.0,0.427,0.0,0.013,0.914,1.849,0.023,0.03,0.0,0.0,0.0,0.418,0.429,1.743,0.365,1.977,0.0,0.0,0.0,0.0,0.22,0.0,0.0,0.0,0.0,0.024,0.429,0.427,0.0,0.0,0.0,0.0,0.0,0.0,0.0,0.0,0.0,0.0,0.839,0.417,0.0,0.0,0.818,0.0,0.4,0.0,0.0,0.001,0.847,0.0,0.0,0.024,0.0,0.427,0.0,0.015,0.0,0.0,0.0,1.92,0.0,0.0,0.0,0.0,0.0,0.421,0.0,0.05,0.0,0.0,0.239,2.193,0.0,0.0,0.024,0.0,0.0,0.0,0.001,0.0,1.863,0.0,0.0,1.386,0.0,0.0,0.0,0.0,0.0,0.019,2.374,0.0,0.036,0.0,0.001,0.417,0.418,0.0,0.001,0.676,0.0,0.845,0.874,0.0,0.0,0.0,0.0,0.0,0.0,0.0,0.275,0.0,0.0,0.0,2.773,1.953,0.841,1.864,0.0,0.0,0.0,0.844,0.0,2.088,0.0,0.001,0.0,0.0,0.0,0.0,0.0,0.0,0.0,0.0,0.0,0.0,0.0,0.0,0.0,0.0,0.0,0.397,2.077,0.0,0.0,0.0,0.0,0.0,0.0,0.0,0.0,1.494,0.0,0.0,0.0,0.0,0.0,0.729,0.627,0.0,0.0,1.738,0.0,0.0,0.0,0.0,0.0,1.403,0.91,0.0,2.813,0.0,0.0,0.0,0.0,0.0,0.001,0.0,0.024,2.858,0.0,0.0,0.0,0.0,0.474,0.0,0.0,0.0,0.427,0.0,0.0,0.0,0.0,0.0,1.636,0.0,0.0,0.0,2.085,0.119,0.0,1.943,1.624,0.0,0.0,0.94,1.927,0.0,0.0,0.0,0.0,0.0,1.574,0.0,0.0,0.422,0.0,1.823,0.0,0.001,0.867,0.0,0.119,0.001,0.427,0.0,0.0,0.0,1.492,1.424,0.0,1.839,0.399,0.0,0.948,1.431,0.0,0.0,1.384,0.055,0.0,2.828,1.407,0.0,0.0,2.368,1.146,0.357,0.397,1.824,0.276,0.0,0.0,0.0,0.472,0.0,0.0,0.0,0.418,0.842,0.417,0.0,0.0,0.444,0.0,0.912,0.909,1.388,0.0,0.008,0.0,0.0,0.0
chr1:166975324:166975325:NM_199351:ILDR2,0.0,0.0,0.0,0.0,0.0,0.0,0.0,0.0,1.858,0.0,0.0,0.0,0.0,0.01,0.0,0.05,0.228,0.0,0.0,0.0,0.0,0.011,0.013,0.0,0.0,0.0,0.228,0.0,1.027,0.0,0.0,0.0,1.161,0.011,0.125,0.001,0.0,0.0,0.0,0.882,5.007,0.274,2.327,0.0,0.0,1.075,0.0,1.346,2.317,0.0,0.197,0.0,0.0,0.824,0.879,0.0,0.0,0.0,0.0,0.0,0.982,0.0,0.0,0.08,0.0,0.809,0.228,0.0,0.0,0.823,0.0,0.0,0.0,0.0,0.0,0.823,0.0,0.0,0.0,0.0,0.823,0.0,0.981,0.0,0.068,0.155,2.331,0.0,0.0,0.0,0.0,0.0,0.0,0.0,0.824,0.0,0.0,0.002,0.013,0.0,0.0,0.0,0.0,0.0,0.0,0.0,0.0,1.244,0.0,0.0,0.008,0.0,0.0,0.0,0.0,0.0,1.162,0.0,0.0,2.981,0.0,0.0,0.0,0.0,0.0,0.0,0.0,0.0,0.971,1.027,0.0,0.0,0.0,0.0,0.0,0.0,0.0,0.0,0.0,0.0,0.0,0.837,0.0,1.19,1.465,0.0,0.0,0.005,0.971,0.0,3.054,0.084,0.0,0.0,0.0,0.0,0.0,0.0,0.029,0.0,0.0,0.0,0.0,0.0,0.0,0.0,0.0,0.0,0.0,3.049,0.0,0.0,0.0,0.0,0.0,0.0,0.991,0.0,1.793,0.0,0.0,0.0,0.0,0.0,0.057,1.235,0.0,0.0,0.204,0.0,0.0,0.0,0.0,0.0,2.241,0.013,0.002,0.852,0.0,0.0,0.0,0.0,0.002,0.0,0.0,0.0,1.407,0.0,0.153,0.272,0.0,0.0,0.0,0.0,0.002,1.028,0.0,0.0,0.057,0.0,0.272,0.0,0.0,0.0,0.0,3.052,1.091,0.0,0.058,0.923,0.0,0.014,0.0,0.987,0.0,0.0,0.0,0.0,0.0,0.859,0.0,0.0,0.222,0.001,0.833,0.0,0.0,0.0,0.0,1.091,0.0,1.116,0.348,0.008,0.0,0.878,1.928,0.0,2.804,0.0,0.0,0.002,0.061,0.0,0.0,0.008,0.0,0.001,0.93,0.826,0.0,0.0,0.0,0.001,0.002,0.825,0.008,0.441,0.0,0.0,0.0,1.028,0.0,0.005,0.0,0.0,1.458,0.0,0.0,0.003,0.824,0.0,0.0,0.0,0.0,0.0,0.0,0.0,0.0,0.0
chr1:173050963:173050964:NM_005092:TNFSF18,0.006,0.0,0.147,0.0,0.0,0.0,0.141,0.0,2.348,0.0,0.0,0.0,0.001,0.0,0.0,0.293,1.051,0.0,0.0,0.0,0.0,0.341,1.236,0.0,0.0,0.0,1.063,0.443,0.834,0.341,0.341,0.0,0.005,0.342,0.049,0.0,0.0,0.0,0.0,1.879,6.343,0.011,1.716,0.0,0.0,0.0,0.0,2.617,1.762,0.0,0.0,0.447,0.001,1.429,1.431,0.0,0.0,0.0,0.0,0.0,1.016,0.0,0.0,0.154,0.0,0.006,1.061,0.0,0.0,0.0,0.0,0.0,0.005,0.445,0.0,0.835,0.0,0.0,0.0,0.0,1.876,0.0,1.258,0.001,0.0,0.0,1.781,0.0,0.0,0.0,0.0,0.0,0.348,0.0,1.426,0.136,0.0,0.003,0.443,0.0,0.0,0.0,0.001,0.0,0.001,0.831,0.0,2.237,0.011,0.0,0.447,0.0,0.338,0.0,0.0,0.0,0.959,0.346,0.0,4.288,0.0,0.0,0.49,0.0,0.0,0.0,0.0,0.0,1.655,0.835,0.0,0.0,0.0,0.0,0.0,0.441,0.0,0.001,0.001,0.0,0.0,2.298,1.113,1.998,2.268,0.0,0.0,0.0,1.895,0.0,4.774,0.015,0.0,0.0,0.0,0.0,0.0,0.0,0.0,0.0,0.0,0.001,0.448,0.0,0.0,0.0,0.0,0.0,0.0,6.003,0.0,0.143,0.0,0.001,0.046,0.0,0.0,0.0,2.865,0.0,0.0,0.0,0.0,0.0,3.105,0.005,0.001,0.0,1.829,0.001,0.0,0.0,0.001,0.001,2.524,0.001,0.448,0.379,0.0,0.0,0.0,0.001,1.335,0.0,0.0,0.0,2.287,0.0,0.044,0.0,0.34,1.876,0.0,0.0,1.351,1.279,0.0,0.0,0.0,0.0,0.0,0.0,0.0,0.001,0.0,4.669,0.0,0.0,3.284,0.005,0.032,0.0,0.0,0.179,0.0,0.0,0.0,0.0,0.0,1.352,0.0,0.0,0.0,0.0,0.7,0.014,0.0,1.204,0.0,0.0,0.0,0.001,0.006,0.665,0.0,2.859,4.185,0.001,2.878,0.015,0.0,0.547,0.0,0.0,0.0,0.0,0.0,0.001,3.224,0.317,0.0,0.0,0.001,1.002,0.003,0.015,0.717,0.398,0.0,0.0,0.0,2.871,0.0,0.005,0.0,0.0,0.335,0.001,0.0,0.353,0.848,0.0,0.0,1.137,0.0,0.0,0.0,0.0,0.001,0.0
chr2:70553638:70553639:NM_001308159:TGFA,0.0,0.0,0.0,0.002,0.0,0.0,0.0,0.0,2.366,0.0,0.0,0.962,0.0,0.294,0.0,0.006,2.081,0.0,0.968,0.0,0.0,0.015,1.05,0.0,0.0,0.0,1.15,0.0,0.159,0.01,0.0,0.958,0.935,0.015,0.226,0.0,0.0,0.0,0.0,0.34,2.947,0.72,0.981,0.0,0.0,0.998,0.0,1.734,1.815,0.023,0.0,0.0,0.028,0.482,0.256,0.0,0.0,0.0,0.0,0.0,0.676,0.0,0.001,0.455,0.0,0.056,1.24,0.0,0.0,0.219,0.0,0.028,0.0,0.0,0.028,0.559,0.0,0.137,0.028,0.0,0.474,0.987,0.67,0.0,0.0,0.375,1.661,0.0,0.0,0.0,0.0,0.0,0.01,0.0,0.157,0.0,0.0,0.002,1.094,0.028,0.161,0.0,0.0,0.0,0.0,0.028,0.0,1.383,0.034,0.0,0.884,0.0,0.0,0.0,0.0,0.0,0.02,1.197,0.017,3.372,0.0,0.002,0.398,0.435,0.0,0.028,0.003,0.0,0.028,0.351,0.0,0.0,0.0,0.0,0.0,0.002,0.0,0.0,0.0,0.0,0.0,1.757,0.939,0.028,1.36,0.294,0.026,0.0,0.123,0.0,1.903,0.0,0.028,0.0,0.0,0.0,0.0,0.0,0.0,0.0,0.0,0.0,0.0,0.0,0.0,0.0,0.0,0.0,0.0,1.116,0.0,0.0,0.0,0.0,0.0,0.0,0.0,0.002,1.6,0.0,0.0,0.0,0.0,0.0,2.406,0.002,0.028,0.0,0.037,0.0,0.0,0.017,0.0,0.0,0.9,0.299,0.005,0.884,0.0,0.0,0.017,0.0,0.186,0.028,0.0,0.028,1.378,0.0,0.448,0.0,0.0,0.241,0.0,0.0,0.102,0.253,0.0,0.0,0.209,0.0,0.0,0.307,0.0,0.0,0.0,1.253,0.0,0.0,0.706,1.154,0.0,0.208,0.0,0.527,0.0,0.0,0.0,0.0,0.0,2.601,0.0,0.0,0.0,0.0,0.085,0.0,0.016,0.388,0.0,0.0,0.028,0.028,0.0,0.099,0.0,2.234,0.525,0.0,1.116,0.0,0.054,0.031,0.219,0.0,0.0,1.961,0.028,0.075,1.377,0.17,0.0,0.0,1.232,1.625,0.0,0.0,0.085,0.004,0.028,0.001,0.017,0.264,0.017,0.0,0.0,0.0,0.113,0.0,0.0,0.0,0.028,0.0,0.968,0.003,1.452,0.96,0.294,0.0,0.0,0.0
chr2:112785398:112785399:NM_000575:IL1A,0.0,0.645,0.0,0.0,0.0,0.0,0.0,0.0,1.64,0.0,0.0,0.0,0.541,0.078,0.0,0.247,0.285,0.0,0.0,0.0,0.0,0.005,0.762,0.0,0.0,0.0,0.386,0.0,0.0,0.004,0.004,0.0,0.011,0.004,0.74,0.0,0.0,0.0,0.0,0.0,4.543,0.0,1.762,0.0,0.0,0.0,0.0,2.164,2.284,0.0,0.0,0.0,0.0,0.05,0.0,0.542,0.0,0.0,0.0,0.0,0.781,0.0,0.0,0.0,0.0,0.873,0.387,0.0,0.0,0.0,0.0,0.0,0.0,0.0,0.0,0.0,0.0,0.102,0.0,0.0,0.079,0.0,0.686,0.599,0.232,0.547,1.486,0.0,0.101,0.0,0.0,0.0,0.0,0.0,0.0,0.0,0.0,0.002,0.684,0.0,0.0,0.0,0.0,0.0,0.54,0.0,0.0,0.131,0.553,0.0,0.145,0.0,0.004,0.0,0.0,0.0,0.68,0.004,0.0,3.867,0.0,0.0,0.072,0.221,0.0,0.0,0.318,0.546,0.0,0.0,0.0,0.0,0.0,0.0,0.0,0.0,0.0,0.323,0.543,0.0,0.0,0.193,0.647,0.05,0.082,0.0,0.0,0.389,0.697,0.0,1.154,0.05,0.0,0.0,0.0,0.0,0.0,0.0,0.0,0.0,0.0,0.541,0.454,0.0,0.0,0.427,0.0,0.0,0.0,1.035,0.0,0.0,0.0,0.543,0.0,0.0,0.0,0.0,4.709,0.538,0.0,0.324,0.0,0.0,2.452,0.22,0.762,0.0,0.0,0.0,0.545,0.0,0.541,0.543,0.0,0.0,0.778,0.003,0.0,0.996,0.0,0.539,0.788,0.0,0.0,0.0,0.131,0.0,0.135,0.08,0.004,0.0,0.101,0.0,0.223,0.0,0.0,0.542,0.54,0.0,0.08,0.155,0.0,0.545,0.0,0.758,0.773,0.0,1.681,0.203,0.672,0.594,0.0,0.378,0.0,0.543,0.0,0.0,0.0,4.139,0.0,0.0,0.05,0.0,0.05,0.0,0.0,0.0,0.0,0.774,0.0,0.05,0.0,1.618,0.0,4.453,0.754,0.54,1.173,0.054,0.0,0.012,0.003,0.0,0.0,0.415,0.0,2.039,0.086,0.0,0.0,0.0,0.053,0.981,0.04,0.05,0.237,0.318,0.0,0.0,0.0,0.0,0.0,0.001,0.0,0.0,0.011,0.221,0.0,0.0,0.691,0.0,0.0,0.0,0.619,0.255,0.271,0.547,0.542,0.0
chr2:119544431:119544432:NR_073133:CFAP221,0.0,0.0,0.0,0.0,0.0,0.0,0.978,0.0,2.295,0.0,0.0,0.0,0.0,0.0,0.0,0.548,1.524,0.0,0.0,0.0,0.0,0.942,0.012,0.0,0.0,0.0,0.515,0.0,1.331,0.943,0.658,0.0,1.098,1.546,0.329,0.0,0.0,0.0,0.0,1.327,6.503,0.0,3.38,0.0,0.0,0.989,0.0,3.4,1.023,0.0,0.0,0.0,0.213,1.323,1.327,0.0,0.0,0.0,0.0,0.0,2.719,0.0,0.0,1.32,0.0,1.459,0.523,0.0,0.0,0.771,0.0,0.768,0.0,0.0,0.214,1.327,0.0,0.0,0.214,0.0,1.332,0.0,2.848,0.0,0.658,0.007,2.416,0.0,0.229,0.0,0.0,0.0,0.661,0.0,1.325,0.0,0.0,0.388,0.004,0.0,0.66,0.0,0.0,0.0,0.0,0.214,0.0,1.86,0.006,0.0,0.528,0.0,0.66,0.0,0.0,0.0,1.733,0.712,0.0,4.652,0.0,0.0,1.1,0.0,0.009,0.214,0.0,0.006,0.566,1.333,0.0,0.0,0.004,0.0,0.0,0.0,0.0,0.0,0.0,0.0,0.0,0.007,0.745,0.0,2.448,0.0,0.0,0.19,1.503,0.0,1.517,0.771,0.0,0.0,0.0,0.0,0.0,0.0,0.0,0.0,0.0,0.007,0.0,0.0,0.0,0.0,0.0,0.0,0.0,1.511,0.0,0.0,0.0,0.0,0.0,0.0,0.197,0.0,1.452,0.0,0.0,0.005,0.0,0.0,0.331,0.926,0.213,0.004,0.567,0.0,0.0,0.0,0.0,0.006,1.293,0.004,0.007,0.001,0.0,1.214,0.0,0.0,0.518,0.213,0.0,0.0,1.862,0.0,0.925,0.0,0.942,0.566,0.0,0.0,0.0,1.329,0.0,0.0,0.214,0.0,0.0,0.109,0.0,0.953,0.0,1.509,0.001,0.0,0.753,0.0,0.0,0.681,0.001,1.154,0.0,0.0,0.0,0.0,0.0,0.742,0.0,0.0,0.767,0.572,0.765,0.036,0.006,0.764,0.0,0.0,0.214,0.0,0.0,0.0,0.0,1.451,1.425,0.0,1.613,0.775,0.0,0.175,0.113,0.0,0.0,0.007,0.0,0.296,1.861,0.0,0.0,0.0,0.67,1.147,0.388,0.0,0.766,0.0,0.768,0.0,0.0,1.33,0.0,0.315,0.0,0.0,1.119,0.0,0.0,0.014,0.767,0.0,0.0,1.146,0.007,0.0,0.0,0.0,0.0,0.0
chr2:223602499:223602500:NM_003469:SCG2,0.0,0.115,0.0,0.0,0.0,0.0,0.0,0.0,2.353,0.0,0.0,0.0,0.0,0.0,0.0,0.0,0.031,0.0,0.0,0.0,0.0,0.291,1.005,0.0,0.0,0.0,0.672,0.0,1.503,0.29,0.29,0.0,0.0,0.001,0.585,0.0,0.0,0.0,0.0,1.504,7.752,0.742,1.729,0.0,0.0,0.0,0.0,2.342,0.662,0.0,0.498,0.0,0.584,1.801,1.503,0.0,0.0,0.0,0.0,0.0,0.441,0.0,0.0,0.006,0.0,1.098,0.028,0.0,0.0,0.011,0.0,0.0,0.0,0.0,0.01,1.803,0.0,0.0,0.01,0.0,1.803,0.0,0.721,0.29,0.006,0.149,1.733,0.0,0.006,0.0,0.0,0.0,0.0,0.0,1.503,0.0,0.0,0.669,0.098,0.0,0.0,0.0,0.0,0.0,0.0,0.011,0.0,1.858,0.62,0.0,0.055,0.0,0.291,0.0,0.0,0.0,0.617,0.782,0.0,4.378,0.0,0.0,0.001,0.0,0.0,0.584,0.0,0.0,0.759,1.803,0.0,0.0,0.0,0.0,0.0,0.0,0.0,0.023,0.475,0.0,0.0,1.118,0.57,0.761,1.873,0.0,0.0,0.0,0.917,0.0,0.083,0.0,0.01,0.0,0.0,0.0,0.0,0.0,0.315,0.0,0.0,0.143,0.0,0.993,0.0,0.0,0.0,0.0,0.0,0.083,0.0,0.0,0.0,0.0,0.0,0.0,0.0,0.0,2.769,0.0,0.0,0.0,0.0,0.0,1.411,0.0,0.0,0.0,1.802,0.0,0.0,0.0,0.0,0.0,0.479,0.0,0.504,0.0,0.0,0.0,0.0,0.0,0.502,0.011,0.0,0.0,2.602,0.0,1.676,1.116,0.0,1.802,0.0,0.0,0.507,1.504,0.0,0.0,0.585,0.0,1.116,0.153,0.0,0.502,0.0,0.513,0.666,0.0,0.35,0.0,0.0,0.033,0.0,0.838,0.0,0.0,0.0,0.0,0.0,0.914,0.0,0.0,0.0,1.11,0.0,0.028,0.0,0.0,0.0,0.665,0.596,0.0,0.0,0.011,0.0,2.8,0.513,0.0,0.515,0.0,0.0,0.598,0.0,0.0,0.0,0.055,0.011,0.0,1.884,0.01,0.0,0.0,0.973,0.058,0.669,0.0,0.0,0.0,0.0,0.0,0.0,1.804,0.0,0.308,0.0,0.0,0.001,0.0,0.0,0.844,0.0,0.0,0.0,0.034,0.055,0.0,0.0,0.0,0.0,0.0
chr3:151873642:151873643:NM_033050:SUCNR1,0.0,0.0,0.0,0.0,0.0,0.0,0.0,0.0,2.244,0.0,0.0,0.0,0.036,0.0,0.0,0.0,1.612,0.0,0.0,0.0,0.0,0.185,1.623,0.0,0.0,0.0,1.543,0.0,0.261,0.232,0.0,0.0,0.0,0.163,0.168,0.0,0.086,0.0,0.0,0.291,5.903,0.0,3.577,0.0,0.0,0.0,0.0,2.865,0.97,0.0,0.0,0.0,0.005,0.776,0.26,0.036,0.0,0.0,0.0,0.0,0.782,0.0,0.0,1.494,0.0,0.612,2.21,0.0,0.0,0.329,0.0,0.261,0.0,0.0,0.0,0.261,0.0,0.0,0.0,0.292,1.01,0.0,1.584,0.0,0.363,0.553,4.466,0.0,0.0,0.0,0.0,0.0,0.035,0.0,0.362,0.0,0.0,0.163,1.033,0.0,0.0,0.0,0.036,0.0,0.036,0.259,0.0,2.353,0.736,0.0,0.62,0.0,0.0,0.0,0.0,0.0,0.621,0.15,0.0,3.682,0.0,0.0,0.069,0.0,0.0,0.0,0.018,0.556,0.88,0.403,0.0,0.0,0.0,0.0,0.0,0.0,0.0,0.0,1.201,0.0,0.0,0.892,0.986,0.888,0.919,0.0,0.0,0.0,0.372,0.0,3.629,0.888,0.0,0.0,0.0,0.0,0.0,0.0,0.164,0.0,0.0,0.589,0.0,0.0,0.0,0.0,0.0,0.0,0.257,2.685,0.036,0.0,0.0,0.921,0.0,0.0,0.0,0.0,1.547,0.0,0.0,0.0,0.0,0.0,1.718,0.004,1.142,0.0,0.361,0.0,0.036,0.0,0.036,0.591,2.069,0.26,1.346,0.261,0.0,0.876,0.0,0.036,0.85,0.0,0.0,0.0,2.377,0.0,0.05,0.164,0.163,0.259,0.0,0.0,0.181,0.291,0.0,0.557,0.0,0.256,0.164,0.915,0.0,1.203,0.872,2.881,0.164,0.0,1.192,0.051,0.0,1.186,0.0,1.355,0.0,0.0,0.0,0.0,0.0,1.019,0.0,0.0,0.298,0.0,0.819,0.003,0.0,0.0,0.0,0.164,0.0,0.295,0.0,1.77,0.0,1.089,3.817,0.0,2.832,0.333,0.0,0.603,0.295,0.0,0.0,0.619,0.0,1.138,1.12,0.412,0.0,0.0,0.069,1.808,0.222,0.263,1.144,0.0,0.257,0.0,0.0,0.362,0.648,0.251,0.0,0.0,0.882,0.0,0.006,0.008,0.26,0.0,0.0,0.52,0.88,0.0,0.036,0.0,0.036,0.0
chr3:195584205:195584206:NM_001647:APOD,0.07,0.0,0.002,0.0,0.0,0.0,0.0,0.007,3.554,0.0,0.0,0.0,0.0,0.994,0.0,0.0,1.012,0.0,0.0,0.0,0.0,0.0,1.574,0.0,0.0,0.0,1.212,0.0,1.139,0.04,0.0,0.0,0.812,0.244,0.249,0.0,0.0,0.0,0.0,2.728,4.878,0.0,3.2,0.0,0.0,0.008,0.0,1.47,0.0,0.0,0.0,0.0,0.986,1.289,1.741,0.0,0.132,0.0,0.0,0.0,1.488,0.0,0.0,0.089,0.0,0.002,1.207,0.0,0.988,0.991,0.0,0.0,0.0,0.0,0.987,1.138,0.0,0.0,0.989,0.0,1.157,0.0,1.139,0.826,0.041,0.0,2.19,0.0,0.0,0.0,0.001,0.0,0.0,0.0,1.14,0.0,0.0,0.039,0.259,0.987,0.0,0.0,0.0,0.01,0.0,0.989,0.0,2.302,0.031,0.0,1.612,0.0,0.323,0.0,0.0,0.0,0.01,0.0,0.334,1.725,0.0,0.133,0.0,0.0,0.0,0.988,0.0,0.0,1.203,1.139,0.0,0.0,0.0,0.0,0.0,0.0,0.047,0.0,0.0,0.0,0.0,0.015,1.729,2.299,2.303,0.0,0.0,0.0,1.022,0.0,2.024,0.0,0.987,0.0,0.0,0.0,0.0,0.0,0.039,0.0,0.0,0.0,0.0,0.0,0.0,0.0,0.0,0.0,0.0,2.009,0.0,0.0,0.0,0.0,0.0,0.0,0.0,0.0,0.105,0.0,0.0,0.0,0.0,0.0,2.747,0.738,0.989,0.0,1.138,0.0,0.0,0.0,0.0,0.0,1.012,0.626,0.031,2.0,0.0,0.239,0.0,0.0,0.134,0.988,0.0,0.99,2.773,0.0,0.002,0.039,0.244,1.742,0.0,0.0,0.031,2.125,0.001,0.0,0.0,0.0,0.039,0.638,0.0,0.0,0.0,2.029,0.039,0.0,2.403,0.0,0.0,0.0,0.0,0.656,0.0,0.0,0.0,0.0,0.0,0.28,0.0,0.0,0.001,0.0,1.977,0.0,0.0,0.0,0.0,0.039,0.985,0.0,0.0,0.0,0.0,0.367,1.938,0.0,2.939,0.988,0.0,0.021,0.884,0.0,0.0,1.012,0.989,0.85,2.772,0.988,0.0,0.007,0.023,0.751,0.04,0.986,2.003,0.0,0.99,0.0,0.0,2.747,0.001,0.856,0.0,0.992,1.11,0.0,0.0,0.796,1.02,0.0,0.007,1.143,1.677,0.0,0.994,0.0,0.0,0.0
chr4:76023536:76023537:NM_001565:CXCL10,0.0,0.997,0.417,0.0,0.0,0.0,0.0,0.0,0.977,0.0,0.0,0.0,0.0,0.093,0.0,0.214,1.005,0.0,0.0,0.0,0.0,0.624,0.922,0.0,0.0,0.0,1.289,0.0,2.148,0.762,0.0,0.0,0.457,0.14,0.728,0.0,0.0,0.0,0.0,1.861,5.757,0.0,1.313,0.0,0.0,0.0,0.0,2.395,0.026,0.0,0.0,0.0,0.018,2.612,1.858,0.0,0.0,0.0,0.0,0.0,1.864,0.0,0.0,0.0,0.0,0.5,1.008,0.0,0.0,0.001,0.0,0.0,0.0,0.0,0.0,1.859,0.0,0.0,0.735,0.0,2.62,0.0,2.204,0.0,0.04,0.287,1.305,0.0,0.0,0.0,0.0,0.0,0.0,0.0,1.857,0.026,0.0,0.056,0.922,0.0,0.0,0.0,0.0,0.0,0.0,0.0,0.0,3.483,0.0,0.002,0.179,0.0,0.0,0.0,0.0,0.0,0.542,0.678,0.0,4.595,0.0,0.0,0.182,0.0,0.0,0.736,0.0,0.0,1.023,2.141,0.0,0.0,0.285,0.0,0.0,0.0,0.0,0.508,0.0,0.0,0.0,0.377,1.678,1.094,2.65,0.0,0.0,0.0,1.775,0.0,3.613,0.0,0.0,0.0,0.0,0.0,0.0,0.0,0.009,0.0,0.0,0.0,0.0,0.0,0.0,0.0,0.0,0.0,0.0,4.33,0.0,0.0,0.0,0.0,0.0,0.0,0.0,0.0,2.351,0.0,0.0,0.535,0.0,0.0,2.857,0.765,0.0,0.0,1.134,0.0,0.0,0.0,0.0,0.0,0.002,0.287,0.0,1.66,0.0,0.0,0.0,0.0,0.0,0.0,0.0,0.0,3.753,0.0,0.026,0.009,0.04,1.861,0.0,0.0,0.0,1.912,0.0,0.0,0.0,0.0,0.009,1.656,0.0,0.0,0.0,3.84,0.009,0.0,1.809,0.411,0.017,0.326,0.0,0.331,0.0,0.0,0.0,0.0,0.0,1.49,0.0,0.0,0.001,0.002,0.002,0.006,0.0,0.994,0.0,0.009,0.729,0.0,0.084,0.035,0.0,2.294,1.472,0.0,2.739,0.739,0.0,0.037,0.92,0.0,0.0,0.18,0.0,0.374,2.862,0.734,0.0,0.0,0.002,1.097,0.066,0.001,0.003,0.566,0.465,0.0,0.0,2.206,0.07,1.073,0.0,0.0,1.134,0.0,0.0,0.002,1.019,0.0,0.0,0.375,0.181,0.0,0.13,0.0,0.0,0.0
chr5:57482809:57482810:NM_001017992:ACTBL2,0.0,0.0,0.0,0.0,0.0,0.0,0.0,0.0,1.776,0.425,0.0,0.0,0.0,0.419,0.0,0.014,0.335,0.0,0.0,0.0,0.0,0.053,0.661,0.0,0.0,0.0,0.147,0.0,0.013,0.053,0.0,0.0,0.973,0.0,0.04,0.0,0.0,0.0,0.0,0.086,6.977,1.023,0.893,0.0,0.0,0.0,0.0,3.481,1.044,0.0,0.0,0.0,0.0,0.473,0.086,0.358,0.0,0.0,0.0,0.0,1.463,0.0,0.0,1.952,0.0,0.042,0.409,0.0,0.0,0.074,0.003,0.011,0.0,0.0,0.074,0.011,0.0,0.0,0.074,0.0,0.087,0.0,2.252,0.0,0.424,0.425,1.715,0.0,0.064,0.0,0.0,0.0,0.053,0.0,0.086,0.0,0.012,0.0,0.238,0.0,0.0,0.011,0.357,0.0,0.359,0.085,0.0,0.504,0.434,0.0,0.292,0.0,0.0,0.0,0.0,0.0,0.049,0.0,0.0,4.746,0.0,0.007,0.0,0.0,0.0,0.074,0.0,0.0,0.086,0.087,0.0,0.0,0.0,0.0,0.0,0.0,0.0,0.0,0.358,0.0,0.0,0.509,0.293,0.357,0.233,0.42,0.0,0.088,0.087,0.0,0.511,0.271,0.0,0.0,0.0,0.0,0.0,0.0,0.379,0.0,0.0,0.012,0.0,0.0,0.0,0.0,0.0,0.0,0.219,0.436,0.0,0.0,0.0,0.368,0.0,0.0,0.0,0.0,3.688,0.0,0.0,0.0,0.0,0.0,2.814,1.003,0.012,0.0,0.086,0.0,0.0,0.0,0.0,0.357,0.281,0.238,0.435,0.283,0.0,0.064,0.0,0.0,0.434,0.074,0.0,0.0,1.415,0.0,0.422,0.378,0.0,0.085,0.0,0.0,0.011,0.087,0.0,0.357,0.011,0.0,0.378,0.238,0.0,0.369,0.0,0.435,0.379,0.0,0.452,1.064,0.0,0.434,0.0,2.159,0.0,0.0,0.0,0.0,0.0,1.982,0.0,0.0,0.0,0.0,0.0,0.0,0.0,0.012,0.0,0.379,0.0,0.0,0.0,0.0,0.0,2.435,0.382,0.0,0.437,0.357,0.0,0.619,0.267,0.0,0.0,0.29,0.074,0.392,0.505,0.284,0.0,0.0,0.22,0.799,0.382,0.074,0.284,0.376,0.011,0.0,0.0,0.086,0.0,0.013,0.0,0.011,0.086,0.0,0.0,1.051,0.086,0.0,0.0,0.238,0.29,0.0,0.419,0.358,0.0,0.0
chr5:129748190:129748191:NM_001257308:KIAA1024L,0.0,0.0,0.0,0.0,0.0,0.0,0.0,0.0,0.185,0.0,0.0,0.0,0.0,0.0,0.0,0.0,0.141,0.0,0.0,0.0,0.0,0.556,0.0,0.0,0.0,0.0,0.142,0.0,0.0,0.418,0.418,0.0,1.009,0.429,0.0,0.0,0.137,0.0,0.0,0.0,7.132,0.001,0.931,0.0,0.0,0.0,0.0,2.777,0.488,0.0,0.0,0.0,0.0,0.0,0.0,0.0,0.0,0.205,0.0,0.0,1.286,0.0,0.0,0.005,0.0,0.002,0.142,0.0,0.0,0.0,0.0,0.0,0.0,0.0,0.0,0.0,0.0,0.0,0.0,0.0,0.0,0.0,2.08,0.004,0.0,0.0,2.162,0.0,0.0,0.0,0.0,0.0,0.138,0.0,0.0,0.031,0.0,0.483,0.0,0.0,0.0,0.0,0.0,0.0,0.0,0.0,0.0,0.144,0.0,0.0,0.0,0.0,0.01,0.0,0.0,0.0,1.151,0.621,0.0,3.742,0.0,0.0,0.139,0.0,0.0,0.0,0.0,0.0,0.0,0.0,0.0,0.0,0.0,0.0,0.0,0.0,0.0,0.0,0.0,0.0,0.0,0.0,0.142,0.0,0.142,0.0,0.0,0.0,0.0,0.0,0.19,0.0,0.0,0.0,0.0,0.0,0.0,0.0,0.0,0.0,0.0,0.0,0.0,0.0,0.0,0.0,0.0,0.0,0.0,1.176,0.0,0.0,0.0,0.0,0.0,0.0,0.0,0.0,0.439,0.0,0.0,0.0,0.0,0.0,0.003,0.871,0.0,0.0,0.0,0.0,0.0,0.0,0.0,0.0,0.0,0.0,0.0,0.142,0.0,0.0,0.0,0.0,0.0,0.0,0.0,0.0,0.142,0.0,0.0,0.138,0.0,0.0,0.0,0.0,0.0,0.0,0.0,0.0,0.0,0.0,0.138,0.0,0.0,0.0,0.0,1.195,0.002,0.0,0.542,0.854,0.0,0.004,0.0,0.476,0.0,0.0,0.0,0.0,0.0,0.638,0.0,0.0,0.0,0.0,0.0,0.0,0.0,0.0,0.0,0.002,0.0,0.0,0.0,0.0,0.0,0.44,0.605,0.0,1.352,0.0,0.0,0.136,0.0,0.0,0.0,0.142,0.0,0.0,0.0,0.0,0.0,0.0,0.0,0.0,0.341,0.0,0.0,0.0,0.0,0.0,0.0,0.0,0.0,1.024,0.0,0.0,0.0,0.0,0.0,0.276,0.0,0.0,0.0,0.0,0.142,0.0,0.0,0.0,0.0,0.0
chr6:3445013:3445014:NR_104448:SLC22A23,0.0,0.675,0.0,0.896,0.0,0.0,0.0,0.0,1.902,0.0,0.0,0.0,0.0,0.117,0.0,0.0,1.661,0.0,0.0,0.0,0.0,0.314,1.666,0.0,0.0,0.0,1.579,0.0,0.216,0.022,0.007,0.0,0.377,0.007,0.658,0.0,0.0,0.0,0.0,0.628,0.883,0.007,0.917,0.0,0.0,0.401,0.0,0.612,0.0,0.0,0.0,0.0,0.0,0.238,0.235,0.01,0.0,0.0,0.0,0.0,0.551,0.0,0.0,0.0,0.0,0.0,2.038,0.0,0.013,0.026,0.0,0.0,0.0,0.0,0.0,0.259,0.0,0.0,0.0,0.0,0.245,0.0,1.715,0.086,0.126,0.005,0.476,0.0,0.0,0.0,0.007,0.0,0.145,0.007,0.225,0.0,0.0,0.533,0.404,0.0,0.465,0.0,0.001,0.0,0.021,0.0,0.0,1.617,0.116,0.0,0.602,0.0,0.045,0.0,0.0,0.0,0.901,0.185,0.0,2.178,0.0,0.0,0.166,0.002,0.071,0.0,0.0,0.001,0.421,0.612,0.0,0.0,0.0,0.0,0.0,0.0,0.0,0.0,0.01,0.0,0.0,2.475,3.31,0.422,1.226,0.0,0.001,0.0,0.44,0.0,3.129,0.15,0.0,0.0,0.0,0.0,0.0,0.0,0.536,0.0,0.0,0.086,0.085,0.0,0.0,0.008,0.0,0.0,0.0,3.229,0.001,0.0,0.0,0.021,0.0,0.0,0.0,0.0,2.215,0.0,0.0,0.0,0.0,0.0,2.511,0.076,0.657,0.0,0.03,0.001,0.001,0.0,0.0,0.001,1.274,0.397,0.239,1.57,0.0,0.0,0.0,0.0,0.0,0.0,0.0,0.0,0.967,0.0,0.153,0.355,0.0,0.233,0.0,0.004,0.006,1.275,0.0,0.001,0.0,0.0,0.355,0.771,0.0,0.155,0.0,3.249,0.55,0.0,1.065,0.373,0.081,0.179,0.041,0.772,0.0,0.001,0.0,0.0,0.0,1.837,0.0,0.0,0.023,0.0,0.031,0.0,0.402,0.042,0.0,0.55,0.002,0.434,0.003,0.049,0.0,2.331,0.771,0.0,3.145,0.03,0.0,0.754,0.337,0.0,0.0,0.99,0.0,0.0,0.966,1.062,0.0,0.0,0.492,1.272,0.533,0.03,0.437,0.004,0.036,0.003,0.0,0.63,0.0,0.004,0.0,0.022,0.033,0.002,0.0,0.007,0.415,0.0,0.0,0.399,1.01,0.0,0.545,0.001,0.0,0.0
chr7:93559810:93559811:NM_001164738:CALCR,0.0,0.0,0.0,0.0,0.0,0.0,0.0,0.0,3.469,0.0,0.0,0.0,0.0,0.0,0.0,0.155,1.27,0.0,0.0,0.0,0.0,0.025,1.876,0.0,0.0,0.0,1.276,0.0,0.323,0.541,0.025,0.0,0.274,0.025,0.0,0.0,0.0,0.0,0.0,0.106,8.128,0.444,2.111,0.0,0.0,0.0,0.0,2.001,0.447,0.0,0.031,0.0,0.0,0.105,0.049,0.0,0.0,0.0,0.0,0.0,0.065,0.0,0.0,1.119,0.0,0.3,1.272,0.0,0.0,0.0,0.0,0.0,0.0,0.0,0.0,0.106,0.0,0.0,0.0,0.0,0.105,0.0,1.055,0.0,0.0,0.0,2.851,0.0,0.0,0.0,0.0,0.0,0.0,0.0,0.101,0.0,0.0,0.023,0.897,0.0,0.0,0.0,0.0,0.0,0.0,0.049,0.0,0.322,0.0,0.0,0.599,0.0,0.0,0.0,0.0,0.0,1.697,0.519,0.0,2.871,0.0,0.0,0.049,0.0,0.0,0.0,0.0,0.0,0.102,0.102,0.0,0.0,0.0,0.0,0.0,0.0,0.0,0.0,0.0,0.0,0.403,0.597,2.017,0.114,0.321,0.0,0.0,0.0,0.318,0.0,2.132,0.0,0.0,0.0,0.0,0.0,0.0,0.0,0.0,0.0,0.0,0.0,0.0,0.0,0.0,0.0,0.0,0.0,0.6,0.611,0.0,0.06,0.0,0.0,0.0,0.0,0.655,0.0,0.954,0.0,0.0,0.008,0.0,0.0,2.241,0.153,0.0,0.0,0.051,0.0,0.0,0.0,0.0,0.0,0.065,0.617,0.0,0.0,0.0,0.0,0.0,0.0,0.0,0.0,0.0,0.0,0.321,0.0,0.002,0.0,0.025,0.049,0.0,0.0,0.0,0.102,0.0,0.0,0.0,0.0,0.0,2.69,0.0,0.0,0.0,0.994,0.001,0.0,0.267,0.353,0.0,0.219,0.0,0.909,0.0,0.0,0.0,0.0,0.0,1.515,0.0,0.0,0.0,0.337,0.0,0.0,0.0,0.0,0.0,0.001,0.0,0.0,0.153,0.784,0.152,0.955,0.992,0.0,1.213,0.0,0.0,0.14,2.182,0.0,0.0,0.862,0.0,0.0,0.323,0.0,0.0,0.0,0.541,1.924,0.001,0.0,0.0,0.0,0.0,0.0,0.0,0.323,0.406,0.361,0.0,0.0,0.0,0.0,0.0,0.457,0.0,0.0,0.0,0.597,0.853,0.06,0.865,0.0,0.0,0.0
chr7:99735200:99735201:NM_000765:CYP3A7,0.001,0.0,0.001,0.0,0.0,0.0,0.0,0.0,1.706,0.0,0.0,0.0,0.003,0.851,0.0,0.007,1.255,0.0,0.0,0.0,0.0,0.0,1.583,0.0,0.0,0.0,0.72,0.0,0.234,0.0,0.0,0.0,0.443,0.0,0.011,0.021,0.0,0.0,0.021,0.233,3.188,0.164,2.297,0.0,0.0,0.0,0.02,2.065,0.59,0.0,0.0,0.0,0.0,0.236,0.233,0.705,0.0,0.0,0.0,0.0,1.23,0.0,0.0,0.256,0.0,0.0,0.733,0.0,0.0,0.0,0.0,0.0,0.0,0.0,0.0,0.0,0.0,0.0,0.0,0.0,0.263,0.0,2.02,0.694,0.0,0.0,2.264,0.0,0.0,0.0,0.001,0.0,0.02,0.001,0.0,0.0,0.0,0.0,1.399,0.0,0.0,0.0,0.0,0.0,0.003,0.0,0.0,0.476,1.027,0.021,0.68,0.0,0.02,0.0,0.0,0.0,1.929,0.021,0.0,2.842,0.0,0.0,0.021,0.0,0.0,0.0,0.002,0.704,0.0,0.181,0.0,0.0,0.003,0.0,0.0,0.0,0.0,0.001,0.71,0.0,0.0,1.418,0.337,0.0,0.478,0.852,0.0,0.0,0.182,0.0,0.634,0.182,0.0,0.0,0.0,0.0,0.0,0.0,0.0,0.0,0.0,0.281,0.0,0.0,0.0,0.0,0.0,0.0,0.0,0.187,0.0,0.011,0.0,0.0,0.0,0.0,0.0,0.0,2.815,0.003,0.0,0.0,0.0,0.0,2.912,0.0,0.734,0.0,0.0,0.0,0.704,0.856,0.003,0.71,0.641,0.604,1.026,0.032,0.0,0.0,0.852,0.703,0.282,0.0,0.0,0.0,0.448,0.0,0.0,0.0,0.0,0.234,0.0,0.0,0.277,0.031,0.0,0.0,0.0,0.0,0.0,1.368,0.0,2.113,0.0,0.399,0.0,0.0,2.856,0.0,0.0,0.352,0.0,1.381,0.0,0.0,0.0,0.0,0.0,2.259,0.0,0.0,0.005,0.0,0.0,0.0,0.713,0.0,0.0,0.0,0.0,0.0,0.0,0.0,0.0,2.802,0.328,0.003,0.327,0.0,0.0,0.462,0.704,0.0,0.0,0.785,0.0,0.69,0.476,0.0,0.0,0.0,0.043,1.257,0.745,0.0,0.0,0.002,0.0,0.0,0.0,0.268,0.061,0.502,0.0,0.0,0.0,0.0,0.426,0.107,0.0,0.0,0.0,0.0,0.693,0.0,0.859,0.003,0.003,0.0
chr7:141074231:141074232:NM_001195278:TMEM178B,0.003,0.0,0.003,0.0,0.0,0.0,0.0,0.0,0.823,0.0,0.0,0.0,0.0,0.0,0.0,0.09,0.255,0.0,0.0,0.0,0.0,0.007,0.2,0.003,0.0,0.0,0.194,0.0,1.279,0.0,0.0,0.0,1.194,0.0,0.338,0.021,0.843,0.0,0.0,2.291,4.512,0.005,0.981,0.0,0.0,0.0,0.0,1.847,0.419,0.005,0.002,0.0,0.27,1.457,2.279,0.061,0.0,0.0,0.0,0.0,0.536,0.0,0.0,0.21,0.021,0.0,0.255,0.0,0.0,0.0,0.0,0.001,0.0,0.0,0.269,0.634,0.0,0.0,0.269,0.0,1.475,0.0,0.505,0.0,0.0,0.0,3.195,0.0,0.0,0.0,0.0,0.0,0.007,0.0,2.985,0.039,0.0,0.188,0.207,0.0,0.0,0.0,0.0,0.0,0.0,0.27,0.0,3.319,0.061,0.003,0.172,0.0,0.0,0.0,0.0,0.0,0.753,0.02,0.0,2.437,0.0,0.0,0.02,0.0,0.0,0.269,0.001,0.0,0.936,2.216,0.0,0.0,0.0,0.0,0.0,0.0,0.0,0.0,0.06,0.0,0.0,0.111,0.178,0.967,3.23,0.0,0.0,0.0,2.038,0.0,2.148,0.033,0.27,0.0,0.0,0.0,0.0,0.0,0.192,0.003,0.0,0.0,0.0,0.142,0.0,0.0,0.0,0.0,0.0,1.495,0.0,0.0,0.0,0.061,0.0,0.0,0.0,0.0,0.09,0.0,0.0,0.0,0.0,0.0,0.351,0.206,0.0,0.0,1.849,0.0,0.0,0.0,0.0,0.0,0.105,0.097,0.123,0.978,0.0,0.0,0.0,0.0,0.0,0.27,0.0,0.269,3.375,0.0,0.08,1.035,0.0,0.831,0.0,0.0,0.0,0.468,0.0,0.06,0.0,0.0,1.035,0.1,0.003,0.061,0.0,1.497,0.192,0.0,1.394,0.014,0.0,0.0,0.0,0.939,0.0,0.0,0.0,0.0,0.0,0.006,0.0,0.0,0.0,0.15,0.032,0.0,0.0,0.044,0.0,0.192,0.269,0.911,0.858,0.0,0.0,0.149,0.056,0.0,1.088,0.033,0.0,0.367,0.001,0.0,0.0,0.164,0.269,0.0,3.232,0.0,0.0,0.0,0.02,0.013,0.188,0.0,0.033,0.0,0.268,0.0,0.0,2.099,0.0,1.285,0.0,0.269,0.021,0.0,0.0,0.0,0.918,0.0,0.0,0.0,0.171,0.915,0.0,0.0,0.0,0.0
chr8:86098909:86098910:NM_152565:ATP6V0D2,0.0,0.0,0.0,0.0,0.0,0.0,0.077,0.0,2.737,0.0,0.0,0.0,0.0,0.0,0.0,0.0,1.495,0.0,0.0,0.0,0.077,0.027,1.546,0.0,0.0,0.0,1.499,0.5,0.495,0.644,0.0,0.0,0.12,0.606,0.001,0.0,0.0,0.0,0.0,0.449,4.848,0.238,4.11,0.0,0.0,0.075,0.0,3.4,2.231,0.0,0.0,0.503,0.001,1.751,0.492,0.0,0.0,0.0,0.0,0.0,0.62,0.0,0.0,1.24,0.0,1.055,1.498,0.0,0.0,0.012,0.0,0.01,0.0,0.0,0.009,0.057,0.0,0.0,0.009,0.0,1.712,0.0,0.928,0.0,0.925,0.0,4.267,0.0,0.625,0.0,0.0,0.0,0.059,0.0,0.862,0.006,0.0,0.133,0.711,0.501,0.028,0.0,0.0,0.0,0.0,0.01,0.0,3.021,0.0,0.0,1.197,0.0,0.1,0.0,0.0,0.0,1.473,1.053,0.0,3.322,0.0,0.077,0.85,0.075,0.001,0.009,0.0,0.0,1.331,1.364,0.0,0.0,0.0,0.0,0.0,0.0,0.0,0.012,0.0,0.0,0.0,1.563,2.941,1.334,2.046,0.0,0.0,0.0,0.879,0.0,3.259,0.52,0.009,0.0,0.0,0.0,0.0,0.0,0.028,0.0,0.0,0.0,0.503,0.0,0.0,0.0,0.0,0.0,0.0,2.348,0.0,0.0,0.0,0.0,0.0,0.0,0.0,0.0,4.131,0.0,0.0,0.635,0.0,0.0,0.506,0.302,0.0,0.0,0.521,0.0,0.0,0.0,0.0,0.0,0.595,0.537,0.0,1.313,0.0,0.0,0.0,0.0,0.502,0.009,0.0,0.0,2.513,0.0,0.502,0.142,1.287,0.819,0.0,0.0,0.505,0.862,0.0,0.0,0.0,0.162,0.142,1.198,0.0,0.0,0.0,2.417,0.068,0.0,1.444,0.079,0.0,0.007,0.0,1.525,0.0,0.0,0.0,0.0,0.0,1.296,0.0,0.0,0.01,0.0,0.504,0.0,0.0,0.097,0.0,0.068,0.0,0.01,0.155,0.086,0.0,4.135,1.588,0.0,2.351,0.524,0.0,0.197,0.207,0.0,0.0,1.197,0.009,0.0,3.06,0.513,0.0,0.0,1.0,2.623,0.191,0.512,0.514,0.0,0.01,0.0,0.0,1.307,0.0,0.568,0.0,0.0,1.319,0.075,0.0,0.668,1.339,0.0,0.0,0.507,1.036,0.0,0.0,0.0,0.0,0.0
chr8:133060358:133060359:NM_006748:SLA,0.0,0.141,0.0,0.0,0.0,0.0,0.0,0.0,1.662,0.0,0.0,0.0,0.586,0.718,0.0,0.027,0.064,0.0,0.0,0.062,0.0,0.003,1.139,0.0,0.0,0.0,0.0,0.0,1.602,0.003,0.0,0.0,0.068,0.003,1.544,0.0,0.0,0.0,0.0,1.668,4.462,0.69,2.075,0.0,0.0,0.0,0.007,2.411,0.141,0.0,0.0,0.0,0.0,2.508,1.796,0.099,0.0,0.0,0.0,0.0,0.768,0.0,0.0,0.0,0.0,0.287,0.0,0.0,0.0,0.01,0.0,0.007,0.0,0.0,0.393,1.609,0.0,0.175,0.003,0.0,1.551,0.0,0.881,0.016,0.007,0.0,1.54,0.0,0.0,0.0,0.0,0.0,0.007,0.0,1.48,0.0,0.0,0.144,1.138,0.0,0.0,0.0,0.587,0.0,0.098,0.404,0.0,1.495,2.532,0.0,0.012,0.0,0.012,0.0,0.0,0.0,0.57,0.009,0.0,2.605,0.0,0.0,0.007,0.0,0.0,0.716,0.119,0.586,0.404,0.871,0.0,0.0,0.0,0.0,0.0,0.0,0.0,0.0,0.587,0.0,0.0,0.606,1.044,0.861,2.108,0.0,0.0,0.0,1.285,0.0,0.866,0.01,0.003,0.0,0.0,0.0,0.0,0.0,0.205,0.0,0.0,0.732,0.0,0.0,0.0,0.0,0.0,0.0,0.0,0.468,0.0,0.0,0.0,0.588,0.0,0.0,0.0,0.0,4.092,0.487,0.0,0.0,0.0,0.0,2.744,0.068,0.737,0.0,0.86,0.098,0.584,0.0,0.727,0.098,0.465,0.514,1.303,0.009,0.0,0.015,0.0,0.588,0.001,0.397,0.0,0.0,1.676,0.0,0.818,0.214,0.003,1.372,0.0,0.0,0.612,1.182,0.0,0.001,0.632,0.0,0.214,0.942,0.0,0.874,0.0,0.47,0.204,0.0,1.307,0.0,0.001,0.481,0.0,0.942,0.0,0.0,0.0,0.0,0.0,3.181,0.0,0.0,0.007,0.0,0.463,0.0,0.001,0.0,0.64,0.204,0.007,0.007,0.0,0.581,0.0,4.099,0.5,0.679,0.498,0.398,0.0,0.079,0.061,0.0,0.015,0.468,0.01,0.589,1.284,0.463,0.0,0.0,0.062,1.379,0.126,0.396,0.462,0.119,0.007,0.0,0.0,1.833,0.0,0.945,0.0,0.463,0.861,0.0,0.0,0.871,0.465,0.0,0.0,0.0,0.111,0.0,0.998,0.099,0.732,0.0
chr8:142464015:142464016:NM_001702:ADGRB1,0.0,0.0,0.0,0.0,0.0,0.0,0.0,0.012,0.008,0.0,0.0,0.78,0.0,0.256,0.0,0.0,0.002,0.0,0.782,0.044,0.0,0.0,0.357,0.0,0.0,0.0,0.012,0.001,0.001,0.0,0.0,0.797,0.081,0.0,0.26,0.0,0.0,0.0,0.0,0.258,0.246,0.673,0.001,0.0,0.0,0.012,0.0,0.002,0.0,0.009,0.004,0.001,0.0,0.26,0.0,0.0,0.0,0.0,0.0,0.0,0.001,0.0,0.0,0.0,0.0,0.0,0.01,0.0,0.0,0.0,0.0,0.001,0.0,0.0,0.0,0.0,0.0,0.0,0.0,0.0,0.259,0.0,0.002,0.0,0.0,0.008,0.001,0.0,0.0,0.0,0.0,0.0,0.0,0.0,0.0,0.0,0.0,0.0,0.315,0.0,0.0,0.0,0.0,0.0,0.0,0.0,0.0,0.004,0.0,0.0,0.009,0.0,0.0,0.0,0.0,0.0,0.796,0.002,0.0,0.002,0.0,0.0,0.0,0.004,0.0,0.0,0.001,0.0,0.0,0.001,0.0,0.0,0.0,0.0,0.0,0.0,0.0,0.0,0.0,0.0,0.0,0.757,0.306,0.0,0.003,0.0,0.0,0.995,0.001,0.0,0.345,0.0,0.0,0.0,0.0,0.0,0.0,0.0,0.0,0.0,0.0,0.0,0.0,0.0,0.0,0.0,0.0,0.0,0.001,0.344,0.0,0.0,0.0,0.0,0.0,0.004,0.0,0.0,0.01,0.0,0.0,0.0,0.0,0.0,0.27,0.0,0.0,0.205,0.001,0.0,0.0,0.0,0.0,0.0,0.003,0.739,0.0,0.002,0.0,0.0,0.0,0.0,0.008,0.0,0.41,0.082,0.004,0.004,0.585,0.0,0.0,0.259,0.0,0.0,0.008,0.001,0.0,0.0,0.0,0.001,0.0,1.068,0.0,0.0,0.0,0.345,0.0,0.0,0.001,0.0,0.0,0.008,0.297,0.0,0.0,0.0,0.0,0.0,0.0,0.0,0.0,0.0,0.0,0.0,0.0,0.031,0.0,0.0,0.0,0.0,0.0,0.0,0.013,0.0,0.01,0.01,0.001,0.0,0.345,0.004,0.0,0.017,0.002,0.0,0.0,0.297,0.0,0.014,0.004,0.009,0.0,0.0,0.0,0.001,0.573,0.0,0.0,0.0,0.0,0.0,0.013,0.262,0.0,0.0,0.084,0.0,0.0,0.0,0.0,0.001,0.0,0.0,0.013,0.001,0.351,0.0,0.26,0.0,0.0,0.0
chr9:214864:214865:NM_203447:DOCK8,0.002,0.0,0.983,0.0,0.0,0.0,0.989,0.0,2.09,0.0,0.0,0.0,0.0,0.0,0.0,0.0,0.0,0.0,0.0,0.0,0.995,0.014,0.601,0.0,0.0,0.0,0.0,0.0,0.013,0.028,0.0,0.0,0.0,0.028,0.0,0.0,0.0,0.0,0.0,0.013,5.82,0.163,1.456,0.0,0.0,0.0,0.0,1.791,2.061,0.0,0.0,0.0,0.0,0.067,0.067,0.0,0.0,0.0,0.0,0.0,1.696,0.0,0.0,0.74,0.0,0.975,0.0,0.0,0.0,0.055,0.0,0.0,0.0,0.0,0.0,0.001,0.0,0.599,0.0,0.983,0.013,0.0,0.736,0.0,0.014,0.0,3.211,0.0,0.0,0.0,0.035,0.0,0.609,0.035,0.013,0.194,0.0,0.0,0.6,0.0,0.0,0.0,0.0,0.0,0.0,0.0,0.0,0.108,0.0,0.0,0.465,0.0,0.511,0.0,0.0,0.0,0.738,0.48,0.0,4.274,0.0,0.0,0.524,0.0,0.0,0.0,0.0,0.0,0.055,0.002,0.0,0.0,0.0,0.0,0.0,0.014,0.0,0.0,0.0,0.0,0.0,0.0,2.222,0.055,0.081,0.0,0.0,0.0,0.013,0.0,0.843,0.0,0.0,0.0,0.0,0.0,0.0,0.0,0.0,0.0,0.0,0.0,0.0,0.0,0.0,0.0,0.0,0.0,0.0,1.305,0.0,0.184,0.0,0.0,0.0,0.0,1.973,0.0,0.626,0.0,0.998,0.0,0.0,0.0,0.194,0.0,0.0,0.0,0.055,0.0,0.0,0.0,0.0,0.0,0.138,0.935,0.0,0.001,0.0,0.0,0.0,0.0,0.0,0.0,0.0,0.0,0.145,0.0,0.0,0.0,0.014,0.013,0.0,0.0,0.0,0.013,0.0,0.0,0.0,0.0,0.0,1.369,0.0,0.0,0.0,0.651,0.565,0.0,1.08,0.963,0.0,0.0,0.0,0.192,0.0,0.0,0.0,0.0,0.0,0.481,0.0,0.0,0.0,0.0,0.0,0.0,0.0,0.0,0.0,0.565,0.0,0.0,0.0,0.004,0.0,0.631,0.77,0.0,0.839,0.055,0.0,0.001,0.772,0.0,0.0,0.464,0.001,0.325,0.041,0.0,0.0,0.0,0.498,2.09,0.0,0.055,0.0,0.0,0.0,0.0,0.0,0.068,0.0,0.022,0.0,0.0,0.001,0.0,0.0,0.815,0.055,0.0,0.0,0.04,0.466,0.0,0.998,0.0,0.0,0.0
chr9:12693385:12693386:NM_000550:TYRP1,0.0,0.0,0.0,0.0,0.0,0.552,0.046,0.0,2.092,0.0,0.0,0.0,0.0,0.0,0.0,0.0,1.13,0.0,0.0,0.0,0.044,0.19,0.896,0.0,0.0,0.0,0.401,0.0,0.391,0.005,0.0,0.0,0.0,0.005,0.0,0.0,0.0,0.0,0.0,0.395,6.206,0.032,1.481,0.0,0.0,0.0,0.0,4.097,2.011,0.0,0.0,0.0,0.044,0.799,0.402,0.0,0.0,0.0,0.0,0.0,2.011,0.0,0.036,0.046,0.0,0.0,1.242,0.0,0.0,0.393,0.0,0.0,0.0,0.0,0.0,0.394,0.0,0.0,0.0,0.0,0.787,0.0,2.564,0.559,0.88,0.0,1.56,0.0,0.0,0.0,0.0,0.0,0.0,0.0,0.469,0.0,0.0,0.0,0.441,0.0,0.0,0.0,0.0,0.0,0.0,0.0,0.0,0.714,0.312,0.0,0.107,0.0,0.185,0.0,0.0,0.0,1.554,0.107,0.0,6.748,0.0,0.0,0.006,0.0,0.0,0.0,0.0,0.0,0.398,0.553,0.0,0.0,0.0,0.0,0.0,0.0,0.0,0.0,0.001,0.0,0.0,0.879,0.517,0.396,0.698,0.0,0.0,0.0,0.471,0.0,2.495,0.402,0.0,0.0,0.0,0.0,0.0,0.0,0.0,0.0,0.0,0.0,0.0,0.0,0.0,0.0,0.0,0.0,0.0,2.017,0.0,0.0,0.0,0.0,0.0,0.0,0.0,0.0,1.145,0.0,0.0,0.0,0.0,0.0,1.617,0.0,0.001,0.0,0.0,0.0,0.0,0.0,0.0,0.0,0.395,0.452,0.313,0.001,0.0,0.004,0.0,0.0,0.313,0.0,0.0,0.0,1.673,0.0,0.736,0.0,0.005,0.0,0.0,0.0,0.0,0.395,0.0,0.0,0.0,0.0,0.0,0.0,0.0,0.001,0.0,1.999,0.0,0.919,1.602,0.0,0.0,0.312,0.0,0.166,0.0,0.0,0.0,0.0,0.0,1.6,0.0,0.0,0.049,0.0,0.392,0.0,0.0,0.0,0.0,0.0,0.0,0.0,0.0,0.784,0.0,0.409,1.753,0.0,2.251,0.394,0.0,0.01,0.0,0.0,0.0,0.0,0.0,0.785,1.361,0.395,0.0,0.0,0.0,0.488,0.0,0.0,0.396,0.0,0.0,0.0,0.0,0.919,0.0,0.464,0.0,0.0,0.393,0.0,0.0,0.095,0.393,0.0,0.0,0.0,0.0,0.0,0.0,0.0,0.0,0.0
chr9:90643105:90643106:NM_017594:DIRAS2,0.0,0.0,0.995,0.026,0.0,0.0,0.0,0.0,0.822,0.0,0.0,0.0,0.0,0.0,0.0,0.007,0.268,0.0,0.976,0.007,0.0,0.029,0.806,0.0,0.0,0.0,0.268,0.0,1.701,0.029,0.029,0.0,0.078,0.028,0.276,0.0,0.034,0.0,0.0,1.7,2.916,0.438,0.834,0.0,0.0,0.0,0.0,1.852,1.168,0.0,0.007,0.0,0.0,1.726,1.705,0.0,0.0,0.0,0.0,0.0,1.476,0.0,0.0,0.785,0.0,1.147,0.267,0.0,0.051,0.052,0.0,0.0,0.0,0.0,0.052,1.702,0.0,0.0,0.054,0.0,1.332,0.0,1.594,0.0,0.0,0.0,0.833,0.0,0.0,0.0,0.0,0.0,0.029,0.0,1.706,0.0,0.0,0.0,0.802,0.0,0.0,0.0,0.0,0.0,0.0,0.052,0.0,1.372,0.0,0.0,0.269,0.0,0.0,0.0,0.0,0.0,0.28,0.028,0.0,3.267,0.0,0.988,0.0,0.007,0.0,0.052,0.052,0.0,0.057,1.339,0.0,0.0,0.0,0.0,0.0,0.0,0.0,0.051,0.0,0.0,0.0,0.002,1.109,0.711,1.368,0.0,0.0,0.979,0.503,0.051,2.023,0.051,0.052,0.0,0.0,0.0,0.0,0.0,0.0,0.0,0.0,0.0,0.0,0.0,0.0,0.0,0.0,0.0,0.0,1.649,0.0,0.017,0.0,0.0,0.0,0.007,0.0,0.0,0.268,0.0,0.0,0.051,0.007,0.0,0.272,0.073,0.0,0.0,1.036,0.0,0.0,0.0,0.0,0.0,1.345,0.806,0.0,0.054,0.0,0.0,0.0,0.0,0.0,0.051,0.0,0.0,1.365,0.007,0.0,0.0,0.028,1.314,0.0,0.0,0.0,1.702,0.0,0.0,0.274,0.0,0.0,0.804,0.0,0.0,0.0,1.759,0.0,0.0,0.324,0.075,0.0,0.043,0.007,3.252,0.0,0.0,0.0,0.0,0.0,0.401,0.0,0.0,0.0,0.0,0.443,0.109,0.0,1.947,0.0,0.0,0.0,0.043,0.0,0.0,0.007,0.272,1.381,0.0,1.383,0.435,0.0,0.009,1.65,0.0,0.0,1.111,0.054,0.004,1.395,0.051,0.0,0.0,0.0,0.265,0.0,0.053,0.052,0.052,0.052,0.0,0.0,1.355,0.0,0.0,0.0,0.052,0.055,0.007,0.0,0.001,0.056,0.0,0.979,0.002,0.269,0.0,0.0,0.0,0.0,0.0
chr9:117704174:117704175:NM_003266:TLR4,0.0,0.0,0.0,0.0,0.0,0.0,0.0,0.0,1.801,0.0,0.0,0.0,0.118,0.0,0.0,0.005,0.0,0.0,0.0,0.0,0.0,0.501,0.061,0.0,0.0,0.0,1.118,0.0,1.829,0.013,0.013,0.0,0.022,0.158,0.135,0.0,0.172,0.0,0.0,0.963,8.423,1.024,0.666,0.0,0.0,0.003,0.0,2.523,0.833,0.0,0.0,0.0,0.0,0.268,1.83,0.06,0.0,0.0,0.0,0.0,1.833,0.0,0.0,1.035,0.0,0.0,0.468,0.0,0.016,0.171,0.0,0.0,0.0,0.0,0.154,1.072,0.0,0.0,0.154,0.0,2.674,0.001,2.448,0.0,0.0,0.0,0.866,0.0,0.0,0.0,0.0,0.0,0.0,0.0,0.966,0.0,0.0,0.402,0.0,0.0,0.0,0.0,0.06,0.0,0.06,0.12,0.0,3.688,0.179,0.0,0.0,0.0,0.449,0.0,0.0,0.0,1.455,0.044,0.0,4.564,0.0,0.0,0.047,0.0,0.0,0.118,0.001,0.06,0.0,1.092,0.0,0.0,0.021,0.0,0.0,0.0,0.0,0.036,0.0,0.0,0.003,0.0,0.0,0.119,1.812,0.0,0.0,0.022,1.201,0.0,0.0,0.0,0.0,0.0,0.0,0.0,0.0,0.0,0.0,0.0,0.0,0.178,0.0,0.0,0.0,0.0,0.001,0.0,0.0,0.0,0.0,0.0,0.0,0.06,0.0,0.0,0.0,0.0,3.884,0.0,0.0,0.001,0.0,0.0,3.513,0.022,0.178,0.0,1.144,0.0,0.06,0.0,0.06,0.061,0.0,0.0,0.18,0.0,0.0,0.0,0.0,0.178,0.0,0.118,0.0,0.0,2.953,0.0,0.0,0.002,0.022,1.058,0.0,0.0,0.0,1.926,0.0,0.06,0.0,0.0,0.002,0.0,0.0,0.06,0.0,0.0,0.284,0.0,1.402,0.022,0.0,0.999,0.0,1.581,0.0,0.0,0.0,0.0,0.0,3.483,0.0,0.0,0.0,0.0,0.0,0.0,0.0,0.0,0.0,0.284,0.052,0.0,0.001,1.346,0.0,3.969,0.0,0.0,0.0,0.036,0.0,0.0,0.0,0.0,0.349,0.0,0.154,0.522,2.822,0.0,0.0,0.0,0.0,0.0,0.002,0.036,0.0,0.001,0.0,0.0,0.0,1.869,0.001,0.817,0.058,0.0,0.0,0.0,0.0,0.001,0.0,0.0,0.0,0.0,0.0,0.0,0.0,0.06,0.118,0.0
chr10:96271516:96271517:NM_001258440:BLNK,0.0,0.0,0.0,0.0,0.0,0.0,0.0,0.0,1.783,0.0,0.0,0.0,0.0,0.0,0.0,0.0,0.286,0.0,0.0,0.0,0.0,0.006,1.433,0.0,0.0,0.0,1.815,0.0,2.018,0.006,0.006,0.0,2.057,0.795,0.005,0.0,0.296,0.0,0.0,1.738,6.555,0.05,1.908,0.0,0.0,0.0,0.0,2.804,1.787,0.0,0.0,0.0,0.75,1.398,1.736,0.0,0.0,0.0,0.0,0.0,0.96,0.0,0.0,0.354,0.0,0.04,1.43,0.0,0.99,0.991,0.0,0.0,0.0,0.0,0.748,1.737,0.0,0.0,0.0,0.0,1.399,0.0,2.358,0.0,0.006,0.0,1.905,0.0,0.0,0.0,0.0,0.0,0.302,0.0,1.735,0.0,0.0,0.041,1.43,0.0,0.0,0.0,0.0,0.352,0.0,0.751,0.0,2.541,0.0,0.0,0.055,0.0,0.532,0.0,0.0,0.0,1.529,0.922,0.0,3.58,0.0,0.0,0.0,0.0,0.0,0.749,0.0,0.0,1.887,0.754,0.0,0.0,0.0,0.0,0.0,0.0,0.0,0.996,0.0,0.0,0.0,2.395,2.157,2.588,2.802,0.0,0.0,0.0,2.107,0.0,2.592,0.002,0.749,0.0,0.0,0.0,0.0,0.0,0.03,0.0,0.0,0.0,0.0,0.0,0.0,0.0,0.0,0.0,0.055,1.625,0.0,0.0,0.0,0.0,0.0,0.0,0.0,0.0,2.285,0.0,0.0,0.996,0.0,0.0,1.913,0.625,0.0,0.0,1.885,0.0,0.0,0.0,0.0,0.0,1.028,0.0,0.0,0.99,0.0,0.0,0.0,0.0,0.0,0.753,0.0,0.0,2.786,0.0,0.001,0.03,0.006,0.755,0.0,0.0,0.0,0.752,0.0,0.0,0.0,0.055,0.03,0.081,0.0,0.0,0.0,2.455,0.03,0.0,1.717,0.588,0.0,0.011,0.02,1.912,0.0,0.0,0.0,0.0,0.0,1.399,0.0,0.0,0.055,0.0,0.992,0.0,0.0,0.292,0.0,0.03,0.751,1.738,0.0,0.948,0.0,3.292,3.091,0.0,3.027,1.0,0.0,0.02,0.9,0.0,0.0,0.283,0.745,0.041,2.394,0.994,0.0,0.0,0.522,2.095,0.076,0.995,0.992,0.0,0.749,0.0,0.0,1.882,0.0,0.001,0.0,0.0,0.804,0.0,0.0,0.0,2.375,0.0,0.0,1.354,1.048,0.0,0.0,0.0,0.0,0.0
chr11:43942555:43942556:NM_001145033:C11orf96,0.002,0.168,0.078,0.0,0.0,0.0,0.0,0.0,1.635,0.0,0.0,1.846,0.169,0.0,0.0,0.0,1.277,0.0,0.936,0.0,0.0,0.04,0.179,0.0,0.0,0.0,0.392,0.0,1.196,0.04,0.0,0.926,0.769,0.0,0.502,0.002,0.008,0.0,0.0,1.199,2.301,0.0,0.955,0.0,0.0,0.901,0.0,1.266,0.162,0.0,0.002,0.0,0.29,1.164,1.201,0.17,0.0,0.0,0.0,0.0,0.144,0.0,0.0,0.0,0.002,0.027,0.392,0.0,0.001,0.303,0.0,0.0,0.0,0.0,0.294,1.201,0.0,0.171,0.292,0.0,0.316,0.0,0.477,0.17,0.0,0.0,0.99,0.0,0.0,0.0,0.0,0.0,0.0,0.0,1.188,0.0,0.0,0.287,0.011,0.0,0.0,0.0,0.169,0.0,0.17,0.003,0.0,2.636,0.169,0.002,0.181,0.0,0.013,0.0,0.0,0.0,0.034,0.227,0.0,1.839,0.0,0.0,0.0,0.0,0.0,0.292,0.791,0.17,1.186,1.198,0.0,0.233,0.0,0.0,0.0,0.0,0.0,0.001,0.169,0.0,0.0,0.037,0.403,0.098,0.886,0.0,0.0,0.94,1.22,0.0,1.69,0.037,0.001,0.0,0.0,0.0,0.0,0.0,0.0,0.0,0.0,0.169,0.0,0.0,0.0,0.0,0.0,0.0,0.0,1.467,0.169,0.0,0.0,0.17,0.108,0.0,0.947,0.0,2.604,0.0,0.0,0.001,0.0,0.0,4.46,0.232,0.169,0.0,1.163,0.17,0.169,0.0,0.17,0.17,0.582,0.0,0.927,0.735,0.0,0.0,0.0,0.17,0.761,0.291,0.966,0.0,1.816,0.0,0.006,0.201,0.0,1.21,0.0,0.0,0.0,1.195,0.0,0.169,0.0,0.0,0.201,0.179,0.0,0.17,0.0,2.399,0.202,0.0,2.813,0.0,0.869,0.911,0.055,0.027,0.0,0.169,0.0,0.0,0.0,1.788,0.0,0.0,0.082,0.002,0.0,0.0,0.0,0.013,0.0,0.202,0.291,0.329,0.0,0.003,0.0,3.056,0.578,0.169,1.47,0.303,0.0,0.007,0.168,0.0,0.0,0.179,0.292,0.001,1.782,0.072,0.002,0.0,0.002,0.276,0.425,0.303,0.01,0.0,0.013,0.0,0.935,1.235,0.002,0.557,0.0,0.01,0.041,0.0,0.0,0.0,0.001,0.0,0.0,0.0,0.18,0.0,0.0,0.169,0.169,0.0
chr11:102780628:102780629:NM_002425:MMP10,0.009,0.0,0.009,0.009,0.0,0.0,0.0,0.0,4.276,0.0,0.0,0.0,0.0,0.0,0.0,0.027,2.109,0.0,0.0,0.009,0.0,0.0,1.2,0.0,0.0,0.0,2.326,0.0,1.308,0.0,0.0,0.0,0.647,0.0,1.467,0.009,0.0,0.0,0.0,1.264,7.413,0.0,3.554,0.0,0.0,0.0,0.0,5.443,0.007,0.0,0.009,0.0,0.028,1.841,0.443,0.199,0.0,0.0,0.0,0.0,2.969,0.009,0.199,1.123,0.009,0.507,1.515,0.0,0.0,1.196,0.0,0.821,0.026,0.0,0.011,1.244,0.0,0.0,0.022,0.0,2.056,0.0,3.67,0.201,1.371,0.0,2.675,0.0,0.196,0.0,0.0,0.0,0.002,0.0,0.448,0.013,0.0,0.11,1.196,0.0,0.007,0.371,0.199,0.0,0.201,0.034,0.0,3.101,1.196,0.009,1.442,0.0,0.0,0.0,0.009,0.0,0.382,1.376,0.0,5.674,0.009,0.102,0.002,0.009,0.0,0.011,0.0,0.199,1.234,0.427,0.0,0.0,0.0,0.0,0.0,0.0,0.0,0.0,0.199,0.0,0.001,0.83,2.367,1.232,2.884,0.0,0.0,0.0,1.319,0.0,2.677,0.82,0.009,0.0,0.0,0.0,0.0,0.0,0.999,0.0,0.0,0.199,0.994,0.009,0.0,0.0,0.0,0.0,0.0,2.471,0.199,0.049,0.0,0.198,0.0,0.009,0.0,0.0,4.572,0.0,0.0,0.0,0.009,0.0,3.169,0.419,0.2,0.0,0.449,0.0,0.199,0.0,0.0,0.199,2.001,0.375,1.196,1.799,0.0,0.0,0.0,0.0,0.253,0.0,0.0,0.0,3.918,0.009,2.273,0.997,0.0,0.429,0.0,0.0,1.278,0.443,0.0,0.199,0.0,0.0,1.222,1.645,0.0,0.2,0.0,2.497,1.224,0.0,2.209,0.506,0.011,1.026,0.058,0.201,0.0,0.199,0.0,0.0,0.0,0.75,0.0,0.0,0.266,0.009,1.799,0.001,0.838,1.173,0.0,0.996,0.012,1.203,0.009,0.162,0.0,3.451,1.831,0.0,2.476,0.0,0.0,0.871,0.376,0.0,0.0,1.191,0.027,0.611,3.041,2.167,0.009,0.009,1.279,1.4,0.0,0.0,1.802,0.0,0.824,0.0,0.0,2.017,0.0,0.482,0.0,0.0,0.415,0.009,0.0,0.0,0.401,0.0,0.0,0.825,1.187,0.05,0.0,0.199,0.0,0.009
chr11:102843689:102843690:NM_002422:MMP3,0.0,0.0,0.0,0.0,0.0,0.0,0.0,0.0,2.48,0.0,0.0,0.0,0.0,0.0,0.0,0.195,1.492,0.0,0.0,0.0,0.0,0.0,0.701,0.0,0.0,0.0,0.746,0.0,1.508,0.0,0.0,0.0,0.49,0.0,0.112,0.0,0.0,0.0,0.0,1.381,7.631,0.251,3.398,0.0,0.0,0.0,0.0,1.063,0.811,0.0,0.0,0.0,0.128,1.336,0.827,0.0,0.0,0.0,0.0,0.0,0.544,0.0,0.0,0.171,0.0,0.121,2.098,0.0,0.0,0.642,0.0,0.003,0.136,0.0,0.0,0.831,0.0,0.0,0.0,0.0,1.389,0.0,0.531,0.691,0.004,0.0,4.398,0.0,0.001,0.0,0.0,0.0,0.0,0.0,1.188,0.261,0.0,0.033,0.122,0.0,0.419,0.009,0.0,0.0,0.689,0.0,0.0,2.798,0.692,0.0,0.136,0.0,0.0,0.0,0.0,0.0,0.38,0.647,0.0,4.373,0.0,0.039,0.041,0.0,0.0,0.0,0.0,0.0,1.989,1.331,0.0,0.0,0.0,0.0,0.0,0.0,0.0,0.0,0.0,0.0,0.844,0.689,0.124,2.32,3.593,0.0,0.0,0.0,1.966,0.0,3.424,0.457,0.0,0.0,0.0,0.0,0.0,0.0,0.003,0.0,0.0,0.0,0.002,0.0,0.0,0.0,0.0,0.0,0.0,2.542,0.0,0.0,0.0,0.0,0.0,0.0,0.0,0.0,4.872,0.0,0.0,0.0,0.0,0.0,1.656,1.372,0.0,0.0,0.98,0.0,0.0,0.0,0.0,0.0,1.416,0.008,0.002,0.781,0.0,0.0,0.0,0.0,0.013,0.0,0.0,0.0,3.071,0.0,1.026,0.003,0.0,0.826,0.0,0.0,0.607,1.33,0.0,0.0,0.0,0.0,0.003,0.025,0.0,0.692,0.0,2.544,0.003,0.0,1.386,0.468,0.0,0.003,0.0,0.974,0.0,0.0,0.0,0.0,0.0,3.334,0.0,0.0,0.055,0.0,0.616,0.594,0.003,0.012,0.0,0.003,0.0,0.011,0.0,0.047,0.0,5.253,2.022,0.0,2.544,0.0,0.0,0.004,0.008,0.0,0.0,0.011,0.589,0.036,3.016,1.203,0.0,0.0,0.002,0.122,0.0,0.0,1.335,0.0,0.003,0.0,0.0,1.284,0.0,0.017,0.0,0.002,1.054,0.0,0.0,0.0,0.65,0.0,0.0,0.003,0.121,0.0,0.004,0.0,0.0,0.0
chr12:32896846:32896847:NM_004572:PKP2,0.0,0.0,0.0,0.0,0.0,0.0,0.0,0.0,3.197,0.0,0.0,0.0,0.189,0.0,0.0,0.404,1.733,0.0,0.0,0.0,0.0,0.86,3.064,0.0,0.0,0.0,1.064,0.0,1.012,0.88,0.0,0.0,0.0,0.84,1.236,0.0,0.221,0.0,0.0,0.967,3.782,0.328,2.439,0.0,0.0,0.0,0.0,2.153,0.614,0.0,0.039,0.0,0.0,1.446,0.964,0.0,0.0,0.0,0.0,0.0,0.245,0.0,0.0,1.155,0.0,0.244,1.878,0.0,0.19,0.136,0.0,0.0,0.0,0.0,0.135,0.965,0.0,0.0,0.136,0.0,1.297,0.0,0.535,0.0,0.349,0.748,3.304,0.0,0.607,0.0,0.0,0.0,1.296,0.0,0.968,0.006,0.736,0.02,2.07,0.0,0.0,0.0,0.0,0.0,0.0,0.135,0.0,2.707,1.086,0.0,1.928,0.0,0.83,0.0,0.0,0.0,1.404,1.387,0.0,3.451,0.0,0.0,1.747,0.0,0.987,0.135,0.728,0.0,1.35,1.024,0.0,0.0,0.0,0.0,0.0,0.0,0.0,0.0,0.326,0.0,0.0,1.927,1.925,0.381,1.886,0.0,0.0,0.0,1.164,0.0,1.985,0.0,0.135,0.0,0.0,0.0,0.0,0.0,0.472,0.0,0.0,0.326,0.0,0.0,0.0,0.0,0.0,0.0,0.799,0.872,0.0,0.003,0.0,0.19,0.0,0.0,0.0,0.0,2.795,0.191,0.0,0.0,0.0,0.0,2.523,0.223,1.153,0.0,1.301,0.0,0.0,0.0,1.015,0.0,0.997,1.676,0.896,0.187,0.0,0.0,0.0,1.15,0.124,0.135,0.0,0.0,3.121,0.0,0.899,1.221,0.001,1.014,0.0,0.0,0.0,1.012,0.0,0.0,0.19,0.0,1.219,1.012,0.0,1.151,0.0,1.386,1.29,0.0,2.431,0.0,0.942,0.0,0.0,1.211,0.935,0.189,0.0,0.0,0.0,2.233,0.0,0.0,0.801,0.009,0.803,0.0,0.0,0.0,0.0,0.472,0.134,1.112,0.093,0.0,0.0,2.751,0.569,0.189,1.609,0.355,0.0,0.096,0.008,0.0,0.0,1.92,0.136,0.0,2.08,0.183,0.0,0.0,0.806,1.877,0.012,0.135,0.0,0.0,0.0,0.0,0.0,1.304,0.0,0.216,0.0,0.135,1.16,0.0,0.0,0.004,0.325,0.0,0.978,1.78,1.927,0.0,0.745,0.0,1.013,0.0
chr12:39620041:39620042:NM_005164:ABCD2,0.0,0.0,0.0,0.0,0.0,0.0,0.008,0.0,3.277,0.0,0.0,0.0,0.344,0.0,0.0,0.001,0.442,0.0,0.0,0.0,0.008,0.013,0.042,0.0,0.0,0.0,0.038,0.0,1.163,0.013,0.0,0.0,0.673,0.037,0.671,0.0,0.013,0.0,0.0,0.823,7.896,0.635,3.182,0.0,0.0,0.0,0.0,3.483,2.487,0.0,0.0,0.0,0.0,1.203,0.823,0.343,0.0,0.0,0.0,0.0,1.613,0.0,0.08,0.978,0.0,1.7,0.009,0.0,0.0,0.0,0.0,0.0,0.0,0.0,0.0,0.628,0.0,0.0,0.0,0.0,1.008,0.0,1.587,0.029,0.0,0.698,3.059,0.0,0.0,0.0,0.0,0.0,0.0,0.0,0.629,0.976,0.0,0.029,0.042,0.0,0.0,0.0,0.0,0.0,0.343,0.0,0.0,2.462,0.343,0.0,0.0,0.0,0.0,0.0,0.0,0.0,0.77,0.628,0.0,6.464,0.0,0.0,0.628,0.0,0.0,0.0,0.002,0.0,0.378,1.54,0.0,0.0,0.0,0.0,0.0,0.0,0.0,0.0,0.342,0.0,0.0,0.043,0.221,0.379,1.397,0.0,0.0,0.0,0.379,0.0,1.929,0.006,0.0,0.0,0.0,0.0,0.0,0.0,0.029,0.0,0.0,0.343,0.0,0.0,0.0,0.0,0.0,0.0,0.0,1.772,0.0,0.008,0.0,0.344,0.0,0.0,0.0,0.0,1.131,0.0,0.0,0.0,0.0,0.0,0.508,0.0,0.571,0.0,0.627,0.0,0.343,0.0,0.437,0.343,0.098,0.031,0.371,0.726,0.0,0.0,0.0,0.479,0.03,0.0,0.0,0.0,1.6,0.0,0.358,0.052,0.0,0.629,0.0,0.0,0.0,1.011,0.0,0.345,0.342,0.0,0.052,0.0,0.0,0.479,0.0,1.805,0.052,0.0,3.028,1.624,0.0,0.03,0.0,1.858,0.0,0.344,0.0,0.0,0.0,1.1,0.0,0.0,0.0,0.004,0.0,0.0,0.0,0.001,0.0,0.052,0.0,0.0,0.0,0.892,0.0,1.744,1.767,0.343,1.862,0.0,0.0,0.329,0.0,0.0,0.0,0.001,0.0,0.0,1.502,0.0,0.0,0.0,0.958,0.041,0.015,0.0,0.0,0.0,0.0,0.0,0.0,1.773,0.0,0.007,0.0,0.0,0.378,0.0,0.0,0.0,0.619,0.0,0.0,0.0,0.002,0.0,0.0,0.0,0.0,0.0
chr12:86838904:86838905:NM_013244:MGAT4C,0.0,0.0,0.0,0.0,0.0,0.0,0.0,0.0,1.854,0.0,0.0,0.0,0.0,0.0,0.0,0.032,0.0,0.0,0.0,0.0,0.0,0.031,0.445,0.0,0.0,0.0,0.0,0.0,0.926,0.03,0.0,0.0,0.013,0.03,0.925,0.0,0.738,0.0,0.0,0.926,7.011,0.167,2.075,0.0,0.0,0.0,0.0,2.52,0.696,0.0,0.0,0.0,0.0,0.927,1.048,0.0,0.0,0.0,0.0,0.0,1.265,0.0,0.0,0.005,0.0,0.954,0.002,0.0,0.0,0.0,0.0,0.0,0.0,0.0,0.928,1.047,0.0,0.0,0.927,0.0,0.936,0.0,0.594,0.0,0.0,0.0,2.608,0.0,0.0,0.0,0.0,0.0,0.0,0.0,0.927,0.001,0.0,0.002,0.447,0.0,0.0,0.0,0.0,0.0,0.0,0.0,0.0,1.121,0.002,0.0,0.447,0.0,0.0,0.0,0.0,0.01,0.777,0.034,0.0,3.526,0.0,0.0,0.034,0.0,0.0,0.927,0.0,0.0,0.954,1.049,0.0,0.0,0.0,0.0,0.0,0.0,0.0,0.0,0.0,0.0,0.0,0.447,0.449,0.955,1.049,0.0,0.0,0.0,0.151,0.0,0.0,0.0,0.0,0.0,0.0,0.0,0.0,0.0,0.92,0.0,0.0,0.0,0.0,0.0,0.0,0.0,0.0,0.0,0.0,0.0,0.0,0.001,0.0,0.0,0.0,0.0,0.0,0.0,0.036,0.0,0.0,0.0,0.0,0.0,0.925,0.0,0.0,0.0,1.079,0.0,0.0,0.0,0.0,0.0,0.0,0.446,0.0,0.0,0.0,0.0,0.0,0.0,0.0,0.923,0.0,0.0,1.121,0.0,0.0,0.002,0.0,0.926,0.0,0.0,0.0,0.926,0.0,0.0,0.0,0.0,0.921,0.444,0.0,0.0,0.0,0.0,0.002,0.0,1.453,0.0,0.0,0.033,0.0,0.006,0.0,0.0,0.0,0.0,0.0,0.033,0.0,0.0,0.0,0.0,0.0,0.0,0.0,0.0,0.0,0.002,0.926,0.0,0.003,0.0,0.0,0.039,0.0,0.0,0.097,0.0,0.0,0.001,0.0,0.0,0.0,0.446,0.0,0.0,1.11,0.0,0.0,0.0,0.0,0.455,0.005,0.0,0.0,0.695,0.0,0.0,0.0,1.048,0.0,0.0,0.0,0.0,0.0,0.0,0.0,0.0,0.0,0.0,0.0,0.0,0.448,0.0,0.0,0.0,0.0,0.0
chr14:37595120:37595121:NM_004496:FOXA1,0.287,0.001,0.489,0.0,0.0,0.01,0.0,0.0,1.448,0.0,0.0,0.0,0.0,0.165,0.0,0.0,0.116,0.0,0.0,0.0,0.0,0.0,3.64,0.0,0.0,0.0,0.242,0.012,1.329,0.0,0.0,0.0,2.02,0.09,0.0,0.0,0.005,0.0,0.842,1.021,4.074,0.465,2.898,0.853,0.0,0.0,0.855,1.965,0.0,0.0,0.0,0.0,0.647,1.626,1.021,0.0,0.821,0.0,0.0,0.0,1.222,0.0,0.0,0.759,0.0,0.462,0.533,0.0,0.0,0.099,0.0,0.023,0.0,0.012,0.0,1.316,0.0,0.0,0.087,0.0,1.624,0.0,1.603,0.0,0.0,0.0,3.009,0.0,0.0,0.0,0.0,0.0,0.015,0.0,1.601,0.0,0.0,0.09,1.764,0.0,0.0,0.086,0.0,0.0,0.0,0.097,0.0,2.776,0.328,0.0,2.002,0.0,0.0,0.0,0.0,0.0,0.589,1.323,0.0,2.776,0.0,0.029,1.271,0.01,0.0,0.274,0.086,0.0,0.939,1.623,0.0,0.0,0.0,0.0,0.0,0.012,0.0,0.0,0.0,0.0,0.0,2.234,3.936,1.876,2.603,0.0,0.471,0.283,1.369,0.087,2.745,0.1,0.086,0.855,0.0,0.0,0.0,0.0,0.0,0.0,0.0,0.0,0.012,0.0,0.0,0.0,0.0,0.0,0.1,2.669,0.0,0.0,0.0,0.0,0.427,0.431,0.094,0.949,2.163,0.0,0.0,0.0,0.0,0.0,2.4,1.226,0.0,0.0,1.016,0.0,0.0,0.0,0.0,0.0,1.757,3.301,0.418,0.758,0.0,0.0,0.0,0.0,1.042,0.0,0.0,0.087,3.621,0.0,0.172,0.463,0.0,1.018,0.0,0.195,0.0,1.02,0.0,0.0,0.0,0.01,0.463,4.241,0.0,0.416,0.0,2.579,0.464,0.01,2.107,2.102,0.0,0.43,0.43,1.745,0.01,0.0,0.0,0.0,0.0,2.404,0.0,0.0,1.016,0.653,0.845,0.006,0.0,0.971,0.0,0.462,0.0,1.686,0.287,0.576,0.0,1.877,3.282,0.0,2.458,0.099,0.0,0.443,3.531,0.0,0.0,2.68,0.087,0.0,2.787,1.61,0.0,0.0,1.674,4.116,0.0,0.099,1.425,0.0,0.01,0.088,0.0,1.626,0.01,0.001,0.0,0.023,1.362,0.185,0.0,0.0,0.758,0.0,0.0,2.192,2.002,0.0,0.0,0.0,0.0,0.0
chr17:55264959:55264960:NM_002126:HLF,0.0,0.0,0.0,0.0,0.0,0.0,0.0,0.0,0.0,0.0,0.0,0.0,0.179,0.016,0.0,0.0,0.646,0.0,0.973,0.0,0.0,0.994,0.0,0.0,0.0,0.0,0.649,0.0,0.171,0.0,0.0,0.0,0.469,0.051,0.778,0.0,0.0,0.0,0.0,0.171,4.353,0.0,0.019,0.0,0.0,0.956,0.0,0.699,1.411,0.0,0.021,0.0,0.012,0.176,0.096,0.16,0.0,0.0,0.0,0.0,0.459,0.0,0.0,0.845,0.0,0.559,0.646,0.0,0.0,0.288,0.0,0.021,0.0,0.0,0.0,0.356,0.0,0.0,0.0,0.0,0.374,0.0,0.142,0.0,0.0,0.0,0.081,0.0,0.008,0.0,0.0,0.0,0.0,0.0,0.355,0.0,0.0,0.0,0.0,0.0,0.0,0.021,0.338,0.0,0.339,0.01,0.0,1.301,0.595,0.0,0.065,0.0,0.0,0.0,0.0,0.0,0.576,0.0,0.0,1.697,0.0,0.0,0.0,0.021,0.0,0.0,0.64,0.34,0.874,0.356,0.0,0.0,0.867,0.0,0.0,0.0,0.0,0.0,0.34,0.0,0.0,0.489,0.065,0.266,1.224,0.0,0.0,0.922,0.287,0.0,2.164,0.0,0.0,0.0,0.0,0.0,0.0,0.0,0.104,0.0,0.0,0.161,0.0,0.0,0.0,0.0,0.0,0.0,0.0,2.025,0.161,0.0,0.0,0.339,0.0,0.0,0.0,0.0,0.659,0.0,0.0,0.842,0.0,0.0,0.347,0.485,0.338,0.0,0.352,0.16,0.161,0.0,0.179,0.338,1.754,0.0,0.161,0.93,0.0,0.0,0.0,0.338,0.318,0.0,0.0,0.01,1.232,0.0,0.084,0.0,0.0,0.281,0.0,0.0,0.0,0.353,0.0,0.161,0.001,0.0,0.0,0.064,0.0,0.339,0.0,2.246,0.0,0.0,0.019,0.301,0.0,0.001,0.0,2.563,0.0,0.161,0.0,0.0,0.0,0.664,0.0,0.0,0.0,0.0,0.88,0.007,0.0,0.065,0.0,0.0,0.0,0.207,0.076,0.03,0.0,1.312,1.961,0.179,2.159,0.194,0.0,0.029,0.0,0.0,0.0,0.065,0.01,0.0,1.242,0.93,0.0,0.0,0.0,0.085,0.0,0.01,0.929,0.003,0.021,0.0,0.0,0.37,0.0,0.672,0.0,0.0,0.942,0.212,0.0,0.116,0.081,0.0,0.922,0.0,0.0,0.0,0.016,0.34,0.178,0.0
chr17:68291264:68291265:NM_001174166:SLC16A6,0.0,0.0,0.0,0.0,0.0,0.0,0.0,0.0,0.902,0.0,0.0,0.0,0.0,0.018,0.0,0.0,1.8,0.0,0.0,0.0,0.0,0.082,2.783,0.0,0.0,0.0,0.623,0.0,0.856,0.156,0.0,0.0,0.205,0.156,0.696,0.0,0.0,0.0,0.0,0.858,2.778,0.965,1.809,0.0,0.0,0.973,0.0,0.27,0.266,0.0,0.0,0.0,0.693,0.852,0.861,0.0,0.0,0.0,0.0,0.0,0.727,0.0,0.0,0.0,0.0,0.73,1.229,0.0,0.691,1.614,0.0,0.0,0.0,0.0,0.696,0.825,0.0,0.0,0.689,0.0,0.729,0.0,0.113,0.0,0.042,0.095,1.816,0.0,0.0,0.0,0.0,0.0,0.0,0.0,0.73,0.54,0.0,0.007,2.306,0.0,0.0,0.693,0.0,0.0,0.0,0.694,0.002,1.862,0.269,0.0,1.498,0.0,0.489,0.0,0.0,0.0,0.007,1.604,0.0,1.814,0.0,0.002,0.485,0.0,0.003,0.698,0.809,0.0,1.621,0.844,0.0,0.0,0.0,0.0,0.0,0.0,0.0,0.688,0.171,0.0,0.0,2.085,4.342,1.617,0.917,0.0,0.0,0.976,0.7,0.692,0.914,0.694,0.694,0.0,0.0,0.0,0.0,0.0,0.0,0.0,0.0,0.171,0.0,0.0,0.171,0.0,0.0,0.0,0.042,3.048,0.0,0.0,0.171,0.0,0.002,0.0,0.0,0.031,3.66,0.0,0.0,0.689,0.0,0.0,1.061,0.91,0.002,0.0,0.839,0.0,0.0,0.0,0.002,0.0,0.91,2.299,1.22,1.619,0.0,0.041,0.0,0.0,0.0,0.697,0.0,0.0,1.96,0.0,0.0,0.728,0.082,0.843,0.0,0.0,0.094,0.847,0.0,0.0,0.005,0.031,0.727,3.208,0.0,0.172,0.0,2.512,0.0,0.0,1.882,0.0,0.0,0.0,0.0,0.0,0.0,0.0,0.0,0.0,0.0,0.176,0.0,0.002,0.685,0.0,0.82,0.0,0.0,0.96,0.0,0.0,0.697,0.69,1.178,0.86,0.0,1.795,1.355,0.0,3.049,0.691,0.0,0.538,1.813,0.0,0.0,2.27,0.694,0.045,1.957,0.815,0.0,0.0,0.0,3.482,0.007,0.694,0.82,0.691,0.0,0.0,0.0,0.855,0.0,0.613,0.0,0.813,1.915,0.118,0.0,0.0,1.498,0.0,0.0,0.785,1.542,0.0,0.018,0.0,0.0,0.0
chr18:14748239:14748240:NM_001145029:ANKRD30B,0.0,0.0,0.0,0.0,0.0,0.037,0.971,0.0,2.53,0.0,0.0,0.0,0.0,0.0,0.0,0.0,0.0,0.0,0.0,0.0,0.971,0.0,0.466,0.0,0.0,0.0,0.983,0.037,0.181,0.0,0.0,0.0,0.0,0.0,0.0,0.0,0.0,0.0,0.0,0.086,6.323,0.007,0.869,0.0,0.0,0.0,0.0,3.341,0.0,0.0,0.0,0.0,0.005,0.037,0.008,0.0,0.0,0.0,0.0,0.0,0.535,0.0,0.0,0.54,0.0,0.444,0.048,0.0,0.0,0.085,0.0,0.086,0.242,0.0,0.0,0.094,0.0,0.0,0.0,0.0,0.085,0.0,1.064,0.0,0.0,0.0,2.025,0.0,0.0,0.0,0.0,0.0,0.426,0.0,0.0,0.0,0.0,0.0,0.463,0.0,0.0,0.0,0.0,0.0,0.0,0.0,0.0,1.73,0.0,0.0,0.415,0.0,0.0,0.0,0.0,0.0,0.25,0.0,0.0,3.893,0.0,0.0,0.0,0.0,0.0,0.0,0.0,0.0,0.0,0.085,0.0,0.0,0.0,0.0,0.0,0.0,0.0,0.0,0.0,0.0,0.0,0.471,1.738,0.0,0.741,0.0,0.0,0.0,0.085,0.0,1.592,0.065,0.0,0.0,0.0,0.0,0.0,0.0,0.0,0.0,0.0,0.0,0.0,0.0,0.0,0.0,0.0,0.0,0.037,0.111,0.0,0.0,0.0,0.0,0.0,0.0,0.985,0.0,1.243,0.0,0.0,0.0,0.0,0.0,0.598,0.0,0.0,0.0,0.008,0.0,0.0,0.0,0.0,0.0,0.037,0.38,0.0,0.037,0.0,0.0,0.0,0.0,0.0,0.0,0.0,0.0,0.413,0.0,0.0,0.0,0.0,0.087,0.0,0.0,0.0,0.048,0.0,0.0,0.0,0.0,0.0,0.957,0.0,0.0,0.0,1.062,0.0,0.037,0.038,0.971,0.0,0.638,0.0,0.949,0.0,0.0,0.0,0.0,0.0,0.758,0.0,0.0,0.063,0.0,0.0,0.212,0.0,0.0,0.0,0.0,0.0,0.048,0.0,0.0,0.0,1.243,0.107,0.0,0.137,0.085,0.0,0.0,0.0,0.0,0.0,0.963,0.0,0.0,0.203,0.037,0.0,0.0,0.775,0.589,0.0,0.085,0.048,0.0,0.085,0.0,0.0,0.085,0.0,0.305,0.0,0.038,0.037,0.0,0.0,0.0,0.0,0.0,0.0,0.425,0.423,0.0,0.0,0.0,0.0,0.0
chr18:40066285:40066286:NR_110791:LINC01477,0.0,0.0,0.0,0.0,0.0,0.0,0.0,0.0,0.012,0.0,0.0,0.0,0.0,0.0,0.0,0.277,0.0,0.0,0.0,0.0,0.0,0.033,0.0,0.0,0.0,0.0,0.0,0.0,0.562,0.023,0.0,0.0,0.936,0.004,0.0,0.001,0.01,0.0,0.0,0.616,8.549,0.025,1.05,0.0,0.0,0.0,0.0,4.355,0.0,0.0,0.001,0.0,0.0,0.637,1.053,0.0,0.0,0.0,0.0,0.0,0.977,0.0,0.028,0.0,0.685,1.183,0.0,0.0,0.0,0.018,0.0,0.0,0.0,0.0,0.018,1.033,0.0,0.0,0.018,0.0,0.618,0.0,1.482,0.0,0.0,0.0,1.052,0.0,0.0,0.0,0.0,0.0,0.239,0.0,1.128,0.006,0.0,0.023,0.0,0.0,0.0,0.0,0.0,0.0,0.0,0.018,0.0,1.229,0.0,0.01,0.0,0.0,0.024,0.0,0.0,0.0,0.893,0.081,0.0,7.236,0.0,0.0,0.019,0.0,0.254,0.018,0.0,0.0,0.023,0.683,0.0,0.0,0.0,0.0,0.0,0.0,0.0,0.033,0.0,0.0,0.0,0.0,0.0,0.511,1.216,0.0,0.0,0.0,0.692,0.0,1.034,0.018,0.018,0.0,0.0,0.0,0.0,0.0,0.012,0.0,0.0,0.0,0.0,0.0,0.0,0.0,0.0,0.0,0.0,0.213,0.0,0.006,0.0,0.0,0.001,0.0,0.0,0.0,0.468,0.0,0.0,0.033,0.0,0.0,0.016,0.235,0.0,0.0,0.511,0.0,0.0,0.0,0.0,0.0,0.063,0.0,0.0,0.073,0.0,0.0,0.0,0.0,0.0,0.018,0.0,0.0,0.969,0.0,0.0,0.145,0.004,1.034,0.0,0.0,0.0,0.635,0.0,0.0,0.0,0.0,0.145,0.0,0.0,0.0,0.0,0.56,0.023,0.0,0.66,0.191,0.0,0.0,0.0,0.006,0.0,0.0,0.0,0.0,0.0,0.102,0.0,0.0,0.06,0.19,0.018,0.0,0.0,0.0,0.0,0.023,0.018,0.018,0.0,0.0,0.0,0.005,0.45,0.0,0.367,0.018,0.0,0.01,0.0,0.0,0.0,0.0,0.018,0.0,0.684,0.018,0.003,0.0,0.051,0.0,0.023,0.018,0.018,0.0,0.018,0.0,0.0,1.153,0.0,0.017,0.0,0.018,0.507,0.0,0.0,0.0,0.509,0.0,0.0,0.021,0.0,0.0,0.0,0.0,0.0,0.0
chr19:6720682:6720683:NM_000064:C3,0.0,0.0,0.0,0.0,0.0,0.0,0.0,0.0,1.153,0.0,0.0,0.0,0.128,0.0,0.0,0.0,0.394,0.0,0.499,0.846,0.0,0.268,0.415,0.052,0.0,0.009,0.395,0.0,0.129,0.265,0.0,0.0,0.0,0.0,0.615,0.0,0.0,0.0,0.0,0.037,3.865,0.453,1.135,0.0,0.0,0.0,0.0,2.201,0.0,0.0,0.838,0.0,0.0,0.001,0.001,0.996,0.128,0.0,0.0,0.0,1.082,0.0,0.859,0.0,0.0,0.0,0.927,0.0,0.0,0.001,0.0,0.0,0.0,0.0,0.001,0.001,0.0,0.02,0.001,0.0,0.001,0.0,1.098,0.0,0.271,0.027,1.627,0.833,0.0,0.0,0.845,0.0,0.0,0.84,0.001,0.0,0.0,0.263,0.441,0.0,0.46,0.0,1.848,0.0,1.851,0.001,0.0,0.259,0.265,0.0,0.258,0.0,1.064,0.0,0.0,0.0,1.045,0.259,0.0,3.371,0.0,0.0,0.258,0.0,0.0,0.001,0.0,0.996,0.129,0.001,0.0,0.0,0.991,0.0,0.0,0.258,0.0,0.0,1.854,0.0,0.0,0.72,1.036,0.129,0.259,0.0,0.0,0.0,0.259,0.0,0.405,0.0,0.0,0.0,0.0,0.0,0.0,0.0,0.332,0.0,0.0,0.0,0.02,0.0,0.006,0.0,0.0,0.0,0.0,0.262,0.0,0.0,0.006,0.995,0.482,0.834,0.0,0.028,2.618,0.0,0.0,0.0,0.0,0.0,3.454,0.0,1.124,0.0,0.001,0.0,0.854,0.0,0.128,0.0,0.402,1.253,1.256,0.402,0.83,0.0,0.0,0.129,0.014,0.0,0.0,0.001,0.261,0.0,0.142,0.0,0.0,0.037,0.0,0.0,0.437,0.001,0.832,0.0,0.0,0.0,0.0,1.282,0.0,1.848,0.013,0.402,0.597,0.0,1.49,0.0,0.0,0.014,0.83,0.039,0.17,0.0,0.0,0.0,0.0,2.431,0.0,0.0,0.0,0.0,0.26,0.0,0.361,0.24,0.0,0.332,0.001,0.261,0.0,1.277,0.009,2.724,0.259,0.0,0.26,0.26,0.0,0.843,1.02,0.0,0.0,0.258,0.001,0.007,0.259,0.259,0.0,0.0,0.26,0.282,0.263,0.261,0.26,0.0,0.0,0.0,0.0,0.001,0.0,0.143,0.0,0.259,0.129,0.835,0.0,0.012,0.129,0.0,0.0,0.013,0.258,0.0,0.144,0.996,0.129,0.0
chr19:9858168:9858169:NM_001304348:OLFM2,0.0,0.0,0.0,0.0,0.0,0.0,0.0,0.0,0.256,0.0,0.0,0.0,0.0,0.0,0.0,0.0,0.001,0.142,0.0,0.0,0.0,0.0,1.04,0.0,0.0,0.0,0.001,0.0,0.366,0.353,0.0,0.0,0.013,0.353,0.0,0.0,0.0,0.0,0.0,0.365,1.123,0.0,0.206,0.0,0.144,0.01,0.0,0.139,0.0,0.0,0.0,0.0,0.0,0.001,0.363,0.0,0.0,0.0,0.0,0.0,0.127,0.0,0.0,0.0,0.0,0.0,0.001,0.0,0.0,0.232,0.0,0.0,0.074,0.0,0.0,0.364,0.0,0.0,0.0,0.0,0.001,0.0,0.152,0.0,0.541,0.0,0.43,0.0,0.0,0.0,0.0,0.0,0.0,0.0,0.001,0.0,0.0,0.0,1.04,0.0,0.001,0.0,0.0,0.143,0.0,0.0,0.001,0.596,0.004,0.0,0.365,0.0,0.0,0.0,0.0,0.0,0.0,0.354,0.0,0.502,0.0,0.0,0.366,0.0,0.0,0.0,0.0,0.0,0.364,0.363,0.0,0.0,0.0,0.0,0.0,0.0,0.0,0.0,0.0,0.0,0.0,1.041,0.364,0.364,0.594,0.0,0.0,0.005,0.365,0.0,0.665,0.23,0.0,0.0,0.0,0.148,0.0,0.0,0.0,0.0,0.0,0.0,0.0,0.0,0.0,0.209,0.0,0.0,0.0,0.665,0.0,0.0,0.0,0.0,0.0,0.0,0.0,0.877,1.151,0.0,0.0,0.0,0.0,0.0,0.456,0.013,0.0,0.448,0.366,0.0,0.0,0.0,0.0,0.0,0.594,0.879,0.004,0.436,0.0,0.0,0.0,0.0,0.0,0.0,0.0,0.0,0.434,0.0,0.001,0.598,0.0,0.364,0.0,0.0,0.462,0.364,0.0,0.0,0.0,0.0,0.598,0.447,0.0,0.0,0.004,0.665,0.0,0.0,0.124,0.012,0.0,0.001,0.0,0.0,0.0,0.0,0.0,0.143,0.0,0.121,0.0,0.0,0.002,0.0,0.364,0.001,0.003,0.0,0.009,0.0,0.0,0.231,0.0,0.995,0.005,0.931,0.594,0.0,0.665,0.232,0.0,0.0,0.878,0.0,0.0,0.364,0.0,0.0,0.665,0.433,0.0,0.0,0.365,0.364,0.0,0.23,0.364,0.0,0.362,0.0,0.0,0.364,0.0,0.0,0.0,0.0,0.364,0.0,0.0,0.0,0.365,0.0,0.005,0.446,0.363,0.0,0.0,0.0,0.0,0.0
chr22:25027973:25027974:NM_001145206:KIAA1671,0.0,0.0,0.0,0.0,0.0,0.0,0.0,0.0,1.245,0.0,0.0,0.0,0.0,0.047,0.0,0.0,0.998,0.349,0.0,0.0,0.0,0.003,1.071,0.0,0.0,0.0,0.994,0.0,0.564,0.0,0.0,0.0,0.0,0.009,0.204,0.0,0.0,0.0,0.0,0.171,2.213,0.0,1.56,0.0,0.0,0.001,0.0,0.445,0.0,0.0,0.0,0.0,0.0,0.001,0.044,0.0,0.0,0.0,0.0,0.0,1.157,0.0,0.0,0.0,0.0,0.131,1.003,0.0,0.0,0.01,0.0,0.0,0.0,0.0,0.0,0.044,0.0,0.0,0.0,0.0,0.0,0.0,0.272,0.0,0.0,0.003,2.265,0.0,0.0,0.0,0.0,0.0,0.0,0.0,0.172,0.0,0.0,0.175,1.065,0.0,0.0,0.0,0.0,0.0,0.0,0.0,0.001,0.133,0.038,0.0,1.082,0.0,0.328,0.0,0.0,0.0,0.446,0.803,0.0,1.463,0.0,0.0,0.002,0.003,0.007,0.0,0.0,0.0,0.079,0.004,0.0,0.0,0.03,0.0,0.0,0.0,0.0,0.0,0.0,0.587,0.008,1.891,1.74,0.081,0.127,0.0,0.0,0.0,0.005,0.0,0.929,0.003,0.0,0.0,0.0,0.0,0.0,0.0,0.235,0.0,0.0,0.038,0.0,0.0,0.0,0.001,0.351,0.0,0.0,0.14,0.0,0.0,0.0,0.0,0.0,0.0,0.0,0.0,1.686,0.0,0.0,0.0,0.0,0.0,1.362,0.0,0.038,0.0,0.005,0.0,0.0,0.0,0.0,0.0,0.04,0.091,0.038,0.102,0.0,0.0,0.0,0.0,0.038,0.0,0.001,0.0,0.127,0.0,0.065,0.235,0.0,0.043,0.408,0.0,0.038,0.005,0.0,0.0,0.057,0.0,0.235,0.963,0.0,0.0,0.0,0.362,0.236,0.0,0.791,0.0,0.0,0.002,0.0,0.021,0.0,0.0,0.0,0.0,0.0,0.117,0.0,0.0,0.004,0.0,0.0,0.0,0.0,0.003,0.0,0.236,0.0,0.004,0.0,0.019,0.0,1.371,0.078,0.0,0.179,0.0,0.0,0.04,0.0,0.0,0.0,1.085,0.0,0.0,0.218,0.042,0.0,0.0,0.0,0.68,0.585,0.0,0.003,0.23,0.0,0.401,0.0,0.174,0.0,0.0,0.0,0.0,0.004,0.0,0.0,0.0,0.014,0.0,0.001,0.223,0.992,0.0,0.047,0.0,0.0,0.0
chr22:50600684:50600685:NM_012324:MAPK8IP2,0.017,0.002,0.0,0.0,0.978,0.0,0.0,0.018,0.382,0.0,0.018,0.0,0.0,0.017,0.017,0.0,0.003,0.0,0.049,0.017,0.0,0.0,0.012,0.0,0.017,0.0,0.0,0.0,0.371,0.0,0.0,0.017,0.0,0.0,0.42,0.017,0.0,0.977,0.0,0.372,1.677,0.181,0.42,0.0,0.0,0.018,0.0,0.703,0.0,0.018,0.087,0.0,0.0,0.371,0.371,0.002,0.0,0.0,0.017,0.017,0.109,0.017,0.0,0.018,0.0,0.972,0.385,0.977,0.0,0.0,0.0,0.0,0.0,0.0,0.0,0.37,0.977,0.004,0.0,0.004,0.37,0.0,0.379,0.0,0.0,0.0,0.252,0.0,0.0,0.975,0.017,0.001,0.0,0.017,0.37,0.017,0.0,0.021,0.0,0.018,0.0,0.0,0.006,0.017,0.002,0.212,0.0,0.372,0.006,0.017,0.059,0.978,0.001,0.017,0.0,0.0,0.002,0.003,0.0,1.449,0.017,0.0,0.0,0.104,0.0,0.001,0.0,0.002,0.0,0.367,0.017,0.0,0.018,0.017,0.017,0.0,0.0,0.0,0.002,0.017,0.0,0.0,0.116,0.0,0.371,0.0,0.0,0.107,0.369,0.0,0.466,0.0,0.195,0.0,0.017,0.0,0.018,0.017,0.021,0.0,0.001,0.003,0.0,0.978,0.0,0.0,0.0,0.018,0.0,0.466,0.002,0.0,0.0,0.002,0.0,0.088,0.0,0.0,0.298,0.0,0.0,0.0,0.0,0.004,0.727,0.0,0.0,0.0,0.369,0.002,0.002,0.0,0.0,0.002,0.459,0.151,0.003,0.382,0.086,0.0,0.0,0.0,0.002,0.001,0.001,0.0,0.37,0.085,0.979,0.994,0.0,0.418,0.0,0.0,0.004,0.37,0.017,0.002,0.197,0.0,0.994,0.153,0.017,0.006,0.0,0.466,0.021,0.0,0.203,0.0,0.0,0.202,0.104,1.017,0.0,0.002,0.018,0.0,0.017,0.268,0.0,0.0,0.0,0.0,0.0,0.058,0.0,0.007,0.0,0.021,0.195,0.0,0.0,0.18,0.0,0.419,0.045,0.0,0.462,0.0,0.0,0.105,0.0,0.018,0.0,0.062,0.0,0.003,0.372,0.382,0.017,0.0,0.021,0.0,0.021,0.0,0.381,0.0,0.0,0.0,0.0,0.37,0.0,0.407,0.017,0.0,0.0,0.017,0.0,0.017,0.0,0.017,0.018,0.059,0.059,0.0,0.172,0.002,0.0,0.017
chrX:73214874:73214875:NM_021963:NAP1L2,0.0,0.0,0.0,0.0,0.0,0.0,0.339,0.0,0.0,0.0,0.0,0.0,0.0,0.0,0.0,0.945,0.0,0.0,0.0,0.0,0.027,0.0,0.765,0.0,0.0,0.0,0.0,0.0,0.051,0.0,0.0,0.98,0.984,0.0,0.0,0.001,0.0,0.0,0.0,0.051,2.874,0.0,0.0,0.0,0.0,0.0,0.0,1.846,0.0,0.0,0.0,0.0,0.0,0.053,0.048,0.0,0.0,0.0,0.0,0.0,0.866,0.0,0.865,0.0,0.0,0.0,0.0,0.0,0.0,0.005,0.0,0.0,0.054,0.0,0.0,0.051,0.0,0.0,0.0,0.0,0.053,0.0,0.87,0.0,0.0,0.0,0.551,0.0,0.0,0.0,0.0,0.0,0.0,0.0,0.006,0.432,0.0,0.0,0.0,0.0,0.0,0.0,0.0,0.0,0.0,0.0,0.0,0.181,0.0,0.0,0.768,0.0,0.0,0.0,0.0,0.0,0.866,0.0,0.0,2.269,0.0,0.0,0.0,0.0,0.0,0.0,0.0,0.0,0.005,0.056,0.0,0.0,0.0,0.0,0.0,0.0,0.0,0.0,0.0,0.0,0.0,0.0,1.9,0.053,0.177,0.0,0.0,0.0,0.053,0.0,0.771,0.0,0.0,0.0,0.0,0.0,0.0,0.0,0.0,0.0,0.0,0.0,0.0,0.0,0.0,0.0,0.0,0.0,0.0,1.228,0.0,0.074,0.0,0.0,0.0,0.0,0.0,0.0,0.575,0.0,0.0,0.0,0.0,0.0,0.0,0.0,0.0,0.0,0.053,0.0,0.0,0.0,0.0,0.0,0.057,0.768,0.0,0.0,0.0,0.0,0.0,0.0,0.0,0.0,0.0,0.0,0.181,0.0,0.0,0.0,0.0,0.0,0.0,0.0,0.0,0.0,0.0,0.0,0.0,0.0,0.0,0.767,0.0,0.0,0.0,0.111,0.0,0.0,0.429,0.0,0.0,0.0,0.0,0.0,0.0,0.0,0.0,0.0,0.0,0.0,0.0,0.0,0.0,0.976,0.0,0.0,0.0,0.0,0.0,0.0,0.0,0.0,0.0,0.0,0.0,0.0,0.003,0.0,0.111,0.053,0.0,0.893,0.0,0.0,0.0,0.767,0.005,0.0,0.181,0.0,0.0,0.0,0.0,0.814,0.0,0.053,0.0,0.0,0.0,0.0,0.0,0.055,0.0,0.0,0.0,0.0,0.0,0.0,0.0,0.0,0.0,0.0,0.0,0.0,0.767,0.0,0.0,0.0,0.0,0.0
chrX:153829896:153829897:NM_001303515:PDZD4,0.0,0.0,0.0,0.0,0.013,0.0,0.0,0.0,0.002,0.0,0.0,0.0,0.0,0.0,0.0,0.0,0.002,0.0,0.485,0.0,0.0,0.0,0.538,0.0,0.0,0.0,0.002,0.0,0.331,0.0,0.0,0.0,0.0,0.0,0.0,0.013,0.917,0.013,0.0,0.331,1.026,0.003,0.0,0.0,0.0,0.978,0.0,0.658,0.36,0.001,0.013,0.0,0.0,0.002,0.33,0.0,0.0,0.0,0.0,0.0,0.622,0.0,0.0,0.0,0.013,0.013,0.002,0.013,0.0,0.0,0.0,0.0,0.0,0.0,0.0,0.331,0.013,0.0,0.0,0.0,0.002,0.0,0.621,0.0,0.0,0.0,0.002,0.0,0.0,0.026,0.001,0.0,0.0,0.001,0.002,0.0,0.0,0.23,0.004,0.0,0.0,0.0,0.0,0.0,0.0,0.0,0.0,0.002,0.0,0.013,0.0,0.013,0.332,0.0,0.0,0.0,0.625,0.0,0.0,0.728,0.0,0.0,0.0,0.0,0.0,0.0,0.0,0.0,0.0,0.331,0.0,0.0,0.0,0.0,0.0,0.0,0.0,0.0,0.0,0.0,0.0,0.0,0.002,0.0,0.002,0.0,0.0,0.491,0.002,0.0,0.0,0.0,0.0,0.0,0.0,0.0,0.0,0.0,1.083,0.0,0.0,0.0,0.0,0.013,0.0,0.0,0.0,0.013,0.004,0.002,0.0,0.0,0.0,0.0,0.0,0.001,0.0,0.0,0.293,0.0,0.0,0.0,0.0,0.0,0.039,0.0,0.0,0.0,0.603,0.0,0.0,0.0,0.0,0.0,0.0,0.484,0.0,0.0,0.0,0.0,0.0,0.0,0.0,0.0,0.979,0.0,0.584,0.0,0.141,1.092,0.0,0.002,0.0,0.0,0.0,0.002,0.0,0.0,0.0,0.0,1.092,0.538,0.0,0.0,0.0,0.002,1.092,0.0,0.002,0.0,0.007,0.0,0.0,0.0,0.0,0.0,0.0,0.0,0.0,0.001,0.013,0.0,0.0,0.013,0.0,0.0,0.0,0.0,0.0,1.092,0.0,0.0,0.0,0.0,0.0,0.292,0.0,0.0,0.002,0.0,0.0,0.003,0.089,0.0,0.0,0.0,0.0,0.0,0.002,0.0,0.013,0.0,0.0,0.103,0.23,0.0,0.0,0.0,0.0,0.0,0.0,0.002,0.0,0.029,0.0,0.0,0.0,0.0,0.0,0.0,0.0,0.0,0.0,0.0,0.0,0.013,0.007,0.0,0.0,0.0
